Gene	TiledRegionStart	TiledRegionStop	GeneStart	GeneStop	Mark	RegionStart	RegionStop	PairID
ACTB	-53631	8806	0	3608	H3K4me3	-53604	-52405	1
ACTB	-53631	8806	0	3608	H3K9ac	-53604	-52655	1
ACTB	-53631	8806	0	3608	H3K4me3	-14814	-14035	2
ACTB	-53631	8806	0	3608	H3K9ac	-14814	-14035	2
ACTC1	-48361	20519	0	5522	H3K4me3	-871	38	1
ACTC1	-48361	20519	0	5522	H3K9ac	-871	-12	1
ACTC1	-48361	20519	0	5522	H3K4me3	279	1238	2
ACTC1	-48361	20519	0	5522	H3K9ac	279	1238	2
ADAM19	-3638	92168	0	91356	H3K4me3	-227	1572	1
ADAM19	-3638	92168	0	91356	H3K9ac	-227	1022	1
ADAM19	-3638	92168	0	91356	H3K4me3	66463	67222	2
ADAM19	-3638	92168	0	91356	H3K9ac	66463	67222	2
ADAM23	-131332	176947	0	150611	H3K4me3	-21	988	1
ADAM23	-131332	176947	0	150611	H3K9ac	-21	688	1
ADAM23	-131332	176947	0	150611	H3K9ac	7229	8088	2
ADAM23	-131332	176947	0	150611	H3K4me3	7429	8088	2
ADAM9	-486	68007	0	67169	H3K4me3	-453	426	1
ADAM9	-486	68007	0	67169	H3K9ac	-453	426	1
ADAM9	-486	68007	0	67169	H3K4me3	4097	4706	2
ADAM9	-486	68007	0	67169	H3K9ac	4097	4706	2
AK1	-8700	17091	0	5548	H3K4me3	-2869	-1840	1
AK1	-8700	17091	0	5548	H3K9ac	-1469	1090	1
AK1	-8700	17091	0	5548	H3K4me3	15131	15790	2
AK1	-8700	17091	0	5548	H3K9ac	15131	15740	2
AKP2	-65974	66456	0	54584	H3K4me3	-64324	-63705	1
AKP2	-65974	66456	0	54584	H3K9ac	-64324	-63705	1
AKP2	-65974	66456	0	54584	H3K4me3	-56604	-55885	2
AKP2	-65974	66456	0	54584	H3K9ac	-56604	-55885	2
AKP2	-65974	66456	0	54584	H3K4me3	1676	2665	3
AKP2	-65974	66456	0	54584	H3K9ac	1826	2665	3
AKP2	-65974	66456	0	54584	H3K9ac	12026	12905	4
AKP2	-65974	66456	0	54584	H3K4me3	12076	12905	4
AKP2	-65974	66456	0	54584	H3K4me3	25776	26735	5
AKP2	-65974	66456	0	54584	H3K9ac	25776	26735	5
AKP2	-65974	66456	0	54584	H3K4me3	33176	34095	6
AKP2	-65974	66456	0	54584	H3K9ac	33176	34095	6
AKP2	-65974	66456	0	54584	H3K4me3	38426	39445	7
AKP2	-65974	66456	0	54584	H3K9ac	38426	39445	7
AKP2	-65974	66456	0	54584	H3K4me3	44476	45535	8
AKP2	-65974	66456	0	54584	H3K9ac	44476	45535	8
AKP2	-65974	66456	0	54584	H3K4me3	59326	60305	9
AKP2	-65974	66456	0	54584	H3K9ac	59326	60305	9
AKP2	-65974	66456	0	54584	H3K4me3	65086	66045	10
AKP2	-65974	66456	0	54584	H3K9ac	65086	65995	10
ALDH7A1	-142	69080	0	47136	H3K4me3	10110	10969	1
ALDH7A1	-142	69080	0	47136	H3K9ac	10110	10969	1
ARIH2	-12718	51780	0	46438	H3K4me3	-150	709	1
ARIH2	-12718	51780	0	46438	H3K9ac	-50	709	1
ATXN1	-277	418595	0	410083	H3K4me3	-165	1054	1
ATXN1	-277	418595	0	410083	H3K9ac	-155	994	1
ATXN1	-277	418595	0	410083	H3K4me3	399485	400094	2
ATXN1	-277	418595	0	410083	H3K9ac	399485	400094	2
BAX	-6665	7012	0	5203	H3K4me3	2	1091	1
BAX	-6665	7012	0	5203	H3K9ac	2	751	1
BDNF	-332953	216178	0	52343	H3K4me3	-120052	-119443	1
BDNF	-332953	216178	0	52343	H3K9ac	-120052	-119443	1
BGN	-24615	19442	0	12287	H3K9ac	-9274	-8465	1
BGN	-24615	19442	0	12287	H3K4me3	-9224	-7965	1
BGN	-24615	19442	0	12287	H3K4me3	-4574	-2415	2
BGN	-24615	19442	0	12287	H3K9ac	-4324	-2465	2
BGN	-24615	19442	0	12287	H3K4me3	10576	11335	3
BGN	-24615	19442	0	12287	H3K9ac	10576	11335	3
BGN	-24615	19442	0	12287	H3K4me3	13176	13835	4
BGN	-24615	19442	0	12287	H3K9ac	13176	13835	4
BMP4	-179545	676758	0	7079	H3K4me3	193908	194567	1
BMP4	-179545	676758	0	7079	H3K9ac	193908	194567	1
BMP4	-179545	676758	0	7079	H3K4me3	406608	407517	2
BMP4	-179545	676758	0	7079	H3K9ac	406608	407467	2
BMP4	-179545	676758	0	7079	H3K4me3	409758	410517	3
BMP4	-179545	676758	0	7079	H3K9ac	409808	410467	3
BMP4	-179545	676758	0	7079	H3K4me3	511608	512267	4
BMP4	-179545	676758	0	7079	H3K9ac	511608	512267	4
BMP6	-118053	154559	0	154012	H3K9ac	58618	59777	1
BMP6	-118053	154559	0	154012	H3K4me3	58718	59777	1
BRCA1	-3738	77814	0	60356	H3K9ac	76924	77803	1
BRCA1	-3738	77814	0	60356	H3K4me3	77114	77803	1
C80913	-78442	141263	0	59540	H3K4me3	-157	552	1
C80913	-78442	141263	0	59540	H3K9ac	-157	552	1
C80913	-78442	141263	0	59540	H3K4me3	134643	135502	2
C80913	-78442	141263	0	59540	H3K9ac	134693	135622	2
CBX2	-30188	15407	0	8241	H3K4me3	83	1972	1
CBX2	-30188	15407	0	8241	H3K9ac	563	1772	1
CBX4	-60996	45228	0	5986	H3K9ac	-53310	-52351	1
CBX4	-60996	45228	0	5986	H3K4me3	-53210	-51681	1
CBX4	-60996	45228	0	5986	H3K4me3	-51160	-49401	2
CBX4	-60996	45228	0	5986	H3K9ac	-50560	-49401	2
CBX4	-60996	45228	0	5986	H3K4me3	-42560	-41051	3
CBX4	-60996	45228	0	5986	H3K9ac	-42460	-41051	3
CBX4	-60996	45228	0	5986	H3K4me3	-22260	-21151	4
CBX4	-60996	45228	0	5986	H3K9ac	-21060	-20271	4
CBX4	-60996	45228	0	5986	H3K4me3	-760	3049	5
CBX4	-60996	45228	0	5986	H3K9ac	2290	2929	5
CBX8	-39242	9643	0	2477	H3K4me3	-39238	-37829	1
CBX8	-39242	9643	0	2477	H3K9ac	-39238	-38329	1
CCNA2	-1205	89642	0	7076	H3K4me3	18802	19811	1
CCNA2	-1205	89642	0	7076	H3K9ac	18852	19461	1
CCNA2	-1205	89642	0	7076	H3K4me3	49352	50411	2
CCNA2	-1205	89642	0	7076	H3K9ac	49352	50581	2
CCND1	-266463	18788	0	9994	H3K4me3	-266442	-265423	1
CCND1	-266463	18788	0	9994	H3K9ac	-266332	-265423	1
CCND1	-266463	18788	0	9994	H3K4me3	-232282	-231013	2
CCND1	-266463	18788	0	9994	H3K9ac	-232282	-231013	2
CCND1	-266463	18788	0	9994	H3K4me3	-230682	-229873	3
CCND1	-266463	18788	0	9994	H3K9ac	-230482	-229823	3
CCND1	-266463	18788	0	9994	H3K4me3	-223382	-222453	4
CCND1	-266463	18788	0	9994	H3K9ac	-223382	-222453	4
CCND1	-266463	18788	0	9994	H3K4me3	-202582	-201223	5
CCND1	-266463	18788	0	9994	H3K9ac	-202332	-201683	5
CCND1	-266463	18788	0	9994	H3K9ac	-194082	-193073	6
CCND1	-266463	18788	0	9994	H3K4me3	-193982	-193073	6
CCND1	-266463	18788	0	9994	H3K4me3	-192082	-191223	7
CCND1	-266463	18788	0	9994	H3K9ac	-192082	-191323	7
CCND1	-266463	18788	0	9994	H3K4me3	-172182	-170873	8
CCND1	-266463	18788	0	9994	H3K9ac	-171982	-170873	8
CCND1	-266463	18788	0	9994	H3K4me3	-170482	-168873	9
CCND1	-266463	18788	0	9994	H3K9ac	-170482	-169623	9
CCND1	-266463	18788	0	9994	H3K4me3	-157032	-156273	10
CCND1	-266463	18788	0	9994	H3K9ac	-157032	-156273	10
CCND1	-266463	18788	0	9994	H3K4me3	-132832	-132123	11
CCND1	-266463	18788	0	9994	H3K9ac	-132832	-132123	11
CCND1	-266463	18788	0	9994	H3K4me3	-107532	-106873	12
CCND1	-266463	18788	0	9994	H3K9ac	-107532	-106873	12
CCND1	-266463	18788	0	9994	H3K4me3	-92932	-91433	13
CCND1	-266463	18788	0	9994	H3K9ac	-92132	-91433	13
CCND1	-266463	18788	0	9994	H3K4me3	-76382	-75523	14
CCND1	-266463	18788	0	9994	H3K9ac	-76282	-75523	14
CCND1	-266463	18788	0	9994	H3K4me3	-69682	-67873	15
CCND1	-266463	18788	0	9994	H3K9ac	-69682	-68023	15
CCND1	-266463	18788	0	9994	H3K4me3	-50832	-50123	16
CCND1	-266463	18788	0	9994	H3K9ac	-50832	-50123	16
CCND1	-266463	18788	0	9994	H3K4me3	-37632	-36783	17
CCND1	-266463	18788	0	9994	H3K9ac	-37632	-36783	17
CCND1	-266463	18788	0	9994	H3K4me3	-25682	-24373	18
CCND1	-266463	18788	0	9994	H3K9ac	-25682	-24573	18
CCND2	-81628	41512	0	25340	H3K4me3	4102	5111	1
CCND2	-81628	41512	0	25340	H3K9ac	4102	4961	1
CCND3	-2764	95029	0	94638	H3K4me3	2874	3513	1
CCND3	-2764	95029	0	94638	H3K9ac	2874	3513	1
CCND3	-2764	95029	0	94638	H3K4me3	21804	22863	2
CCND3	-2764	95029	0	94638	H3K9ac	21804	22863	2
CCND3	-2764	95029	0	94638	H3K4me3	26154	26963	3
CCND3	-2764	95029	0	94638	H3K9ac	26154	26813	3
CCND3	-2764	95029	0	94638	H3K4me3	36954	37963	4
CCND3	-2764	95029	0	94638	H3K9ac	36954	37963	4
CCND3	-2764	95029	0	94638	H3K4me3	88854	92363	5
CCND3	-2764	95029	0	94638	H3K9ac	90254	91313	5
CCNE1	-76326	87948	0	9506	H3K4me3	-67809	-67150	1
CCNE1	-76326	87948	0	9506	H3K9ac	-67809	-67150	1
CCNE1	-76326	87948	0	9506	H3K9ac	-28909	-28100	2
CCNE1	-76326	87948	0	9506	H3K4me3	-28859	-28050	2
CCNE1	-76326	87948	0	9506	H3K4me3	-20909	-20270	3
CCNE1	-76326	87948	0	9506	H3K9ac	-20909	-20270	3
CCNE1	-76326	87948	0	9506	H3K4me3	-6559	-5500	4
CCNE1	-76326	87948	0	9506	H3K9ac	-6559	-5500	4
CCNE1	-76326	87948	0	9506	H3K4me3	-959	930	5
CCNE1	-76326	87948	0	9506	H3K9ac	1191	1850	5
CD9	-58208	114251	0	34489	H3K4me3	-17139	-16330	1
CD9	-58208	114251	0	34489	H3K9ac	-17139	-16530	1
CD9	-58208	114251	0	34489	H3K4me3	3861	4970	2
CD9	-58208	114251	0	34489	H3K9ac	3861	4670	2
CD9	-58208	114251	0	34489	H3K4me3	83361	84320	3
CD9	-58208	114251	0	34489	H3K9ac	83361	84170	3
CD9	-58208	114251	0	34489	H3K9ac	112611	114250	4
CD9	-58208	114251	0	34489	H3K4me3	112761	114250	4
CDH15	-6101	34947	0	19023	H3K9ac	7080	8339	1
CDH15	-6101	34947	0	19023	H3K4me3	7380	8339	1
CDKN1A	-50409	41281	0	6947	H3K9ac	-44117	-42358	1
CDKN1A	-50409	41281	0	6947	H3K4me3	-43967	-42358	1
CDKN1A	-50409	41281	0	6947	H3K4me3	-317	2192	2
CDKN1A	-50409	41281	0	6947	H3K9ac	-317	1242	2
CDKN1A	-50409	41281	0	6947	H3K4me3	3083	4042	3
CDKN1A	-50409	41281	0	6947	H3K9ac	3183	4042	3
CDKN1A	-50409	41281	0	6947	H3K4me3	4293	6142	4
CDKN1A	-50409	41281	0	6947	H3K9ac	4293	5742	4
CDKN1A	-50409	41281	0	6947	H3K4me3	20883	21542	5
CDKN1A	-50409	41281	0	6947	H3K9ac	20883	21542	5
CDKN1A	-50409	41281	0	6947	H3K4me3	24943	25692	6
CDKN1A	-50409	41281	0	6947	H3K9ac	24943	25692	6
CDKN2A	-11706	76793	0	20146	H3K4me3	4703	6122	1
CDKN2A	-11706	76793	0	20146	H3K9ac	4713	6222	1
CDKN2A	-11706	76793	0	20146	H3K4me3	14263	14922	2
CDKN2A	-11706	76793	0	20146	H3K9ac	14263	14922	2
CDKN2A	-11706	76793	0	20146	H3K9ac	16813	18322	3
CDKN2A	-11706	76793	0	20146	H3K4me3	17363	18322	3
CDKN2A	-11706	76793	0	20146	H3K4me3	19063	19922	4
CDKN2A	-11706	76793	0	20146	H3K9ac	19263	19922	4
CDKN2A	-11706	76793	0	20146	H3K4me3	20613	21622	5
CDKN2A	-11706	76793	0	20146	H3K9ac	20613	21672	5
CEBPB	-27371	242134	0	1503	H3K4me3	-9010	-8201	1
CEBPB	-27371	242134	0	1503	H3K9ac	-8960	-8351	1
CEBPB	-27371	242134	0	1503	H3K4me3	-2750	-2101	2
CEBPB	-27371	242134	0	1503	H3K9ac	-2750	-2101	2
CEBPB	-27371	242134	0	1503	H3K4me3	-1200	-251	3
CEBPB	-27371	242134	0	1503	H3K9ac	-1120	-301	3
CEBPB	-27371	242134	0	1503	H3K4me3	1590	3799	4
CEBPB	-27371	242134	0	1503	H3K9ac	1590	2449	4
CEBPB	-27371	242134	0	1503	H3K4me3	5290	5899	5
CEBPB	-27371	242134	0	1503	H3K9ac	5290	5899	5
CEBPB	-27371	242134	0	1503	H3K4me3	15640	18049	6
CEBPB	-27371	242134	0	1503	H3K9ac	16790	18049	6
CEBPB	-27371	242134	0	1503	H3K4me3	21670	22599	7
CEBPB	-27371	242134	0	1503	H3K9ac	21670	22599	7
CEBPB	-27371	242134	0	1503	H3K4me3	26090	27499	8
CEBPB	-27371	242134	0	1503	H3K9ac	26090	27349	8
CEBPB	-27371	242134	0	1503	H3K4me3	29790	30799	9
CEBPB	-27371	242134	0	1503	H3K9ac	29790	30799	9
CEBPB	-27371	242134	0	1503	H3K4me3	37740	38749	10
CEBPB	-27371	242134	0	1503	H3K9ac	37740	38749	10
CEBPB	-27371	242134	0	1503	H3K4me3	52530	53249	11
CEBPB	-27371	242134	0	1503	H3K9ac	52530	53249	11
CEBPB	-27371	242134	0	1503	H3K9ac	58040	59149	12
CEBPB	-27371	242134	0	1503	H3K4me3	58090	59549	12
CEBPB	-27371	242134	0	1503	H3K4me3	63540	64599	13
CEBPB	-27371	242134	0	1503	H3K9ac	63540	64599	13
CEBPB	-27371	242134	0	1503	H3K4me3	65290	66349	14
CEBPB	-27371	242134	0	1503	H3K9ac	65540	66349	14
CEBPB	-27371	242134	0	1503	H3K4me3	66940	67549	15
CEBPB	-27371	242134	0	1503	H3K9ac	66940	67549	15
CEBPB	-27371	242134	0	1503	H3K4me3	71550	73299	16
CEBPB	-27371	242134	0	1503	H3K9ac	71550	72449	16
CEBPB	-27371	242134	0	1503	H3K4me3	75890	76949	17
CEBPB	-27371	242134	0	1503	H3K9ac	77090	78049	17
CEBPB	-27371	242134	0	1503	H3K4me3	80320	81599	18
CEBPB	-27371	242134	0	1503	H3K9ac	80320	81699	18
CEBPB	-27371	242134	0	1503	H3K4me3	84840	86649	19
CEBPB	-27371	242134	0	1503	H3K9ac	85720	86649	19
CEBPB	-27371	242134	0	1503	H3K4me3	88290	89199	20
CEBPB	-27371	242134	0	1503	H3K9ac	88440	89149	20
CEBPB	-27371	242134	0	1503	H3K4me3	92090	93649	21
CEBPB	-27371	242134	0	1503	H3K9ac	92280	93549	21
CEBPB	-27371	242134	0	1503	H3K9ac	100590	101799	22
CEBPB	-27371	242134	0	1503	H3K4me3	100640	101799	22
CEBPB	-27371	242134	0	1503	H3K4me3	117340	118749	23
CEBPB	-27371	242134	0	1503	H3K9ac	117540	118449	23
CEBPB	-27371	242134	0	1503	H3K9ac	122090	123399	24
CEBPB	-27371	242134	0	1503	H3K4me3	122290	123399	24
CEBPB	-27371	242134	0	1503	H3K4me3	125840	127349	25
CEBPB	-27371	242134	0	1503	H3K9ac	126840	127649	25
CEBPB	-27371	242134	0	1503	H3K9ac	128040	128999	26
CEBPB	-27371	242134	0	1503	H3K4me3	128090	128999	26
CEBPB	-27371	242134	0	1503	H3K4me3	162620	164149	27
CEBPB	-27371	242134	0	1503	H3K9ac	162620	163499	27
CEBPB	-27371	242134	0	1503	H3K4me3	171790	172899	28
CEBPB	-27371	242134	0	1503	H3K9ac	171790	172899	28
CEBPB	-27371	242134	0	1503	H3K4me3	177340	178099	29
CEBPB	-27371	242134	0	1503	H3K9ac	177590	179049	29
CEBPB	-27371	242134	0	1503	H3K4me3	180340	181499	30
CEBPB	-27371	242134	0	1503	H3K9ac	180340	181299	30
CEBPB	-27371	242134	0	1503	H3K4me3	200840	201699	31
CEBPB	-27371	242134	0	1503	H3K9ac	200890	201699	31
CFC1	-32586	16683	0	8663	H3K4me3	-25085	-24276	1
CFC1	-32586	16683	0	8663	H3K9ac	-25085	-24276	1
CLK3	-24636	15697	0	15149	H3K4me3	-5893	-5034	1
CLK3	-24636	15697	0	15149	H3K9ac	-5643	-5034	1
CLK3	-24636	15697	0	15149	H3K4me3	-993	1916	2
CLK3	-24636	15697	0	15149	H3K9ac	-343	756	2
CNN2	-4270	9015	0	6800	H3K4me3	-629	1720	1
CNN2	-4270	9015	0	6800	H3K9ac	1011	1720	1
CREB1	-411415	73676	0	71744	H3K4me3	-411194	-410215	1
CREB1	-411415	73676	0	71744	H3K9ac	-410924	-410215	1
CSPG4	-13197	52040	0	33975	H3K4me3	-4566	-3757	1
CSPG4	-13197	52040	0	33975	H3K9ac	-4566	-3757	1
CSPG4	-13197	52040	0	33975	H3K9ac	11634	12543	2
CSPG4	-13197	52040	0	33975	H3K4me3	11834	12593	2
CSPG4	-13197	52040	0	33975	H3K4me3	15734	17193	3
CSPG4	-13197	52040	0	33975	H3K9ac	15734	17193	3
CSPG4	-13197	52040	0	33975	H3K4me3	27084	28093	4
CSPG4	-13197	52040	0	33975	H3K9ac	27234	28143	4
CSPG4	-13197	52040	0	33975	H3K4me3	32484	33193	5
CSPG4	-13197	52040	0	33975	H3K9ac	32484	33093	5
CTNNB1	-155719	140196	0	27032	H3K9ac	-67288	-66429	1
CTNNB1	-155719	140196	0	27032	H3K4me3	-67188	-66429	1
CTNNB1	-155719	140196	0	27032	H3K4me3	402	1721	2
CTNNB1	-155719	140196	0	27032	H3K9ac	402	1171	2
CTNNB1	-155719	140196	0	27032	H3K4me3	54662	55721	3
CTNNB1	-155719	140196	0	27032	H3K9ac	54662	55621	3
CTSL	-62247	57596	0	7092	H3K4me3	-664	5	1
CTSL	-62247	57596	0	7092	H3K9ac	-454	555	1
CXCR4	-616480	174961	0	4100	H3K4me3	-211439	-210640	1
CXCR4	-616480	174961	0	4100	H3K9ac	-211439	-210640	1
CXCR4	-616480	174961	0	4100	H3K4me3	-120939	-120250	2
CXCR4	-616480	174961	0	4100	H3K9ac	-120939	-120250	2
CXCR4	-616480	174961	0	4100	H3K4me3	-339	1570	3
CXCR4	-616480	174961	0	4100	H3K9ac	761	1570	3
CYR61	-108746	44736	0	3005	H3K4me3	-3974	-2165	1
CYR61	-108746	44736	0	3005	H3K9ac	-2774	-2165	1
DES	-42707	14953	0	7372	H3K4me3	-16296	-14387	1
DES	-42707	14953	0	7372	H3K9ac	-16296	-14907	1
DES	-42707	14953	0	7372	H3K4me3	-11356	-10407	2
DES	-42707	14953	0	7372	H3K9ac	-11356	-10407	2
DES	-42707	14953	0	7372	H3K4me3	-1526	-707	3
DES	-42707	14953	0	7372	H3K9ac	-1366	-707	3
DES	-42707	14953	0	7372	H3K4me3	-256	1193	4
DES	-42707	14953	0	7372	H3K9ac	1564	2293	4
DES	-42707	14953	0	7372	H3K4me3	6084	7643	5
DES	-42707	14953	0	7372	H3K9ac	6384	7693	5
DES	-42707	14953	0	7372	H3K4me3	14184	14943	6
DES	-42707	14953	0	7372	H3K9ac	14184	14943	6
DMRT1	-71210	104831	0	98004	H3K4me3	-339	370	1
DMRT1	-71210	104831	0	98004	H3K9ac	-339	370	1
DNMT3B	-16723	47198	0	38273	H3K4me3	168	1627	1
DNMT3B	-16723	47198	0	38273	H3K9ac	168	1027	1
DNMT3B	-16723	47198	0	38273	H3K4me3	11168	12277	2
DNMT3B	-16723	47198	0	38273	H3K9ac	11168	12177	2
DNMT3B	-16723	47198	0	38273	H3K4me3	46418	47177	3
DNMT3B	-16723	47198	0	38273	H3K9ac	46418	47177	3
DYRK1A	-85017	137223	0	80931	H3K4me3	-85006	-84257	1
DYRK1A	-85017	137223	0	80931	H3K9ac	-85006	-84257	1
DYRK1A	-85017	137223	0	80931	H3K4me3	-42016	-41407	2
DYRK1A	-85017	137223	0	80931	H3K9ac	-42016	-41407	2
DYRK1A	-85017	137223	0	80931	H3K4me3	-40876	-40107	3
DYRK1A	-85017	137223	0	80931	H3K9ac	-40876	-40207	3
DYRK1A	-85017	137223	0	80931	H3K4me3	-32526	-31757	4
DYRK1A	-85017	137223	0	80931	H3K9ac	-32526	-31757	4
E2F1	-17192	19802	0	10213	H3K4me3	-8078	-7119	1
E2F1	-17192	19802	0	10213	H3K9ac	-8078	-7119	1
E2F1	-17192	19802	0	10213	H3K4me3	-978	531	2
E2F1	-17192	19802	0	10213	H3K9ac	-928	-19	2
E2F1	-17192	19802	0	10213	H3K4me3	8272	9331	3
E2F1	-17192	19802	0	10213	H3K9ac	8272	9331	3
E2F1	-17192	19802	0	10213	H3K4me3	14022	15331	4
E2F1	-17192	19802	0	10213	H3K9ac	14612	15341	4
E2F2	-27007	34030	0	22320	H3K4me3	3896	5805	1
E2F2	-27007	34030	0	22320	H3K9ac	3946	5655	1
E2F2	-27007	34030	0	22320	H3K4me3	20016	20955	2
E2F2	-27007	34030	0	22320	H3K9ac	20016	20955	2
E2F3	-150427	130475	0	76291	H3K4me3	-635	1394	1
E2F3	-150427	130475	0	76291	H3K9ac	15	1374	1
EMB	-84748	137247	0	53466	H3K4me3	-337	972	1
EMB	-84748	137247	0	53466	H3K9ac	-187	722	1
EMP1	-13140	366864	0	20242	H3K9ac	661	1620	1
EMP1	-13140	366864	0	20242	H3K4me3	711	2520	1
ENAH	-104770	177648	0	115535	H3K4me3	97348	98447	1
ENAH	-104770	177648	0	115535	H3K9ac	97348	98447	1
ENG	-11543	36014	0	35523	H3K4me3	7990	8749	1
ENG	-11543	36014	0	35523	H3K9ac	7990	8749	1
ENG	-11543	36014	0	35523	H3K4me3	8990	9699	2
ENG	-11543	36014	0	35523	H3K9ac	9090	9699	2
ENG	-11543	36014	0	35523	H3K4me3	14840	16049	3
ENG	-11543	36014	0	35523	H3K9ac	15290	16049	3
ESRRB	-69749	317583	0	160505	H3K4me3	72092	72701	1
ESRRB	-69749	317583	0	160505	H3K9ac	72092	72701	1
ESRRB	-69749	317583	0	160505	H3K4me3	144202	145601	2
ESRRB	-69749	317583	0	160505	H3K9ac	144202	145601	2
FBLN2	-38081	151219	0	59776	H3K4me3	-32560	-31841	1
FBLN2	-38081	151219	0	59776	H3K9ac	-32560	-31841	1
FBLN2	-38081	151219	0	59776	H3K4me3	-12950	-11591	2
FBLN2	-38081	151219	0	59776	H3K9ac	-12950	-11591	2
FBLN2	-38081	151219	0	59776	H3K4me3	-320	1659	3
FBLN2	-38081	151219	0	59776	H3K9ac	-200	1269	3
FBLN2	-38081	151219	0	59776	H3K4me3	19220	21509	4
FBLN2	-38081	151219	0	59776	H3K9ac	19220	21059	4
FER1L3	-11512	342041	0	144541	H3K4me3	-11499	-10640	1
FER1L3	-11512	342041	0	144541	H3K9ac	-11499	-10690	1
FER1L3	-11512	342041	0	144541	H3K4me3	13151	14100	2
FER1L3	-11512	342041	0	144541	H3K9ac	13151	14100	2
FER1L3	-11512	342041	0	144541	H3K4me3	206101	206910	3
FER1L3	-11512	342041	0	144541	H3K9ac	206101	206910	3
FGF4	-18398	35146	0	3857	H3K4me3	-15087	-14348	1
FGF4	-18398	35146	0	3857	H3K9ac	-15087	-14348	1
FGF4	-18398	35146	0	3857	H3K4me3	-11537	-10928	2
FGF4	-18398	35146	0	3857	H3K9ac	-11537	-10928	2
FGF4	-18398	35146	0	3857	H3K4me3	-6187	-5578	3
FGF4	-18398	35146	0	3857	H3K9ac	-6187	-5578	3
FGF4	-18398	35146	0	3857	H3K4me3	9213	9872	4
FGF4	-18398	35146	0	3857	H3K9ac	9213	9872	4
FGF8	-4861	82680	0	6055	H3K9ac	-4850	-3691	1
FGF8	-4861	82680	0	6055	H3K4me3	-4800	-3891	1
FGFR1	-62840	72888	0	56942	H3K4me3	36001	37270	1
FGFR1	-62840	72888	0	56942	H3K9ac	36001	37270	1
FGFR2	-124685	277652	0	104357	H3K4me3	-66988	-65829	1
FGFR2	-124685	277652	0	104357	H3K9ac	-66598	-65979	1
FGFR2	-124685	277652	0	104357	H3K4me3	-59188	-57979	2
FGFR2	-124685	277652	0	104357	H3K9ac	-59188	-57979	2
FGFR2	-124685	277652	0	104357	H3K4me3	-41088	-40379	3
FGFR2	-124685	277652	0	104357	H3K9ac	-41038	-40379	3
FHL1	-69894	66166	0	61559	H3K4me3	-41873	-41204	1
FHL1	-69894	66166	0	61559	H3K9ac	-41873	-41204	1
FHL1	-69894	66166	0	61559	H3K4me3	297	1316	2
FHL1	-69894	66166	0	61559	H3K9ac	297	1316	2
FHL1	-69894	66166	0	61559	H3K4me3	21487	22096	3
FHL1	-69894	66166	0	61559	H3K9ac	21487	22096	3
FKBP9	-51768	50328	0	47281	H3K4me3	-21917	-21218	1
FKBP9	-51768	50328	0	47281	H3K9ac	-21917	-21218	1
FLT1	-134640	177492	0	163792	H3K4me3	-109598	-108639	1
FLT1	-134640	177492	0	163792	H3K9ac	-109538	-108639	1
FLT1	-134640	177492	0	163792	H3K4me3	-57748	-56689	2
FLT1	-134640	177492	0	163792	H3K9ac	-57748	-56789	2
FLT1	-134640	177492	0	163792	H3K4me3	-27698	-26909	3
FLT1	-134640	177492	0	163792	H3K9ac	-27698	-26909	3
FLT1	-134640	177492	0	163792	H3K4me3	-748	1011	4
FLT1	-134640	177492	0	163792	H3K9ac	-748	1011	4
FN1	-233766	73767	0	67648	H3K4me3	-1073	916	1
FN1	-233766	73767	0	67648	H3K9ac	-473	286	1
FOXO1	-51365	344387	0	81164	H3K4me3	-994	665	1
FOXO1	-51365	344387	0	81164	H3K9ac	376	1615	1
FOXO1	-51365	344387	0	81164	H3K4me3	230596	231265	2
FOXO1	-51365	344387	0	81164	H3K9ac	230596	231265	2
FOXP3	-1278	27410	0	15541	H3K4me3	6333	7092	1
FOXP3	-1278	27410	0	15541	H3K9ac	6333	7092	1
FOXP3	-1278	27410	0	15541	H3K4me3	18823	20392	2
FOXP3	-1278	27410	0	15541	H3K9ac	18823	20392	2
FUT9	-524503	491480	0	190670	H3K4me3	-610	1099	1
FUT9	-524503	491480	0	190670	H3K9ac	-210	499	1
FZD7	-129567	34085	0	4776	H3K4me3	-796	2893	1
FZD7	-129567	34085	0	4776	H3K9ac	234	1033	1
GAB1	-57270	141020	0	116045	H3K4me3	-540	1669	1
GAB1	-57270	141020	0	116045	H3K9ac	-230	1119	1
GADD45B	-11846	18533	0	2113	H3K4me3	10485	11624	1
GADD45B	-11846	18533	0	2113	H3K9ac	10485	11624	1
GAPDH	-2424	3801	0	3731	H3K4me3	-2109	2150	1
GAPDH	-2424	3801	0	3731	H3K9ac	991	1750	1
GAS1	-28106	27842	0	2960	H3K4me3	42	1971	1
GAS1	-28106	27842	0	2960	H3K9ac	302	1301	1
GATA2	-93364	23600	0	8361	H3K4me3	-86063	-85094	1
GATA2	-93364	23600	0	8361	H3K9ac	-86063	-85094	1
GATA2	-93364	23600	0	8361	H3K9ac	-82953	-82344	2
GATA2	-93364	23600	0	8361	H3K4me3	-82253	-81604	2
GATA2	-93364	23600	0	8361	H3K4me3	-67153	-65794	3
GATA2	-93364	23600	0	8361	H3K9ac	-67153	-65794	3
GATA4	-72485	51735	0	46345	H3K4me3	-51715	-50576	1
GATA4	-72485	51735	0	46345	H3K9ac	-51415	-50806	1
GATA4	-72485	51735	0	46345	H3K4me3	-6965	-6206	2
GATA4	-72485	51735	0	46345	H3K9ac	-6965	-6206	2
GATA4	-72485	51735	0	46345	H3K4me3	50915	51574	3
GATA4	-72485	51735	0	46345	H3K9ac	50915	51574	3
GBX2	-21502	35894	0	3214	H3K4me3	-17066	-16347	1
GBX2	-21502	35894	0	3214	H3K9ac	-17066	-16347	1
GCAT	-416	11012	0	7434	H3K4me3	9665	10314	1
GCAT	-416	11012	0	7434	H3K9ac	9665	10314	1
GFPT2	-115046	52565	0	44424	H3K4me3	-70765	-70126	1
GFPT2	-115046	52565	0	44424	H3K9ac	-70765	-70126	1
GFPT2	-115046	52565	0	44424	H3K4me3	-59835	-59076	2
GFPT2	-115046	52565	0	44424	H3K9ac	-59785	-59126	2
GFPT2	-115046	52565	0	44424	H3K4me3	-38835	-37876	3
GFPT2	-115046	52565	0	44424	H3K9ac	-38585	-37826	3
GFPT2	-115046	52565	0	44424	H3K4me3	-30635	-29676	4
GFPT2	-115046	52565	0	44424	H3K9ac	-30635	-29676	4
GLI2	-361846	368451	0	219558	H3K4me3	-361673	-361014	1
GLI2	-361846	368451	0	219558	H3K4me3	-360573	-359564	1
GLI2	-361846	368451	0	219558	H3K9ac	-360573	-359564	2
GLI2	-361846	368451	0	219558	H3K4me3	-356493	-355264	2
GLI2	-361846	368451	0	219558	H3K9ac	-356493	-355664	3
GLI2	-361846	368451	0	219558	H3K4me3	-338673	-337684	3
GLI2	-361846	368451	0	219558	H3K9ac	-338673	-337684	4
GLI2	-361846	368451	0	219558	H3K4me3	-322123	-321414	4
GLI2	-361846	368451	0	219558	H3K9ac	-322123	-321414	5
GLI2	-361846	368451	0	219558	H3K4me3	-252673	-251794	5
GLI2	-361846	368451	0	219558	H3K9ac	-252673	-251864	6
GLI2	-361846	368451	0	219558	H3K4me3	-249173	-248164	6
GLI2	-361846	368451	0	219558	H3K9ac	-249173	-248164	7
GLI2	-361846	368451	0	219558	H3K4me3	-137673	-136864	7
GLI2	-361846	368451	0	219558	H3K9ac	-137673	-136964	8
GLI2	-361846	368451	0	219558	H3K9ac	-45173	-43834	8
GLI2	-361846	368451	0	219558	H3K4me3	-43573	-42914	9
GLI2	-361846	368451	0	219558	H3K4me3	37677	38586	9
GLI2	-361846	368451	0	219558	H3K9ac	37777	38486	10
GLI2	-361846	368451	0	219558	H3K4me3	48327	49466	10
GLI2	-361846	368451	0	219558	H3K9ac	48327	49466	11
GLI2	-361846	368451	0	219558	H3K4me3	84027	84836	11
GLI2	-361846	368451	0	219558	H3K9ac	84027	84786	12
GLI2	-361846	368451	0	219558	H3K4me3	179577	180486	12
GLI2	-361846	368451	0	219558	H3K9ac	179577	180236	13
GLI2	-361846	368451	0	219558	H3K4me3	181127	182166	13
GLI2	-361846	368451	0	219558	H3K9ac	181377	182166	14
GLI2	-361846	368451	0	219558	H3K4me3	204627	205436	14
GLI2	-361846	368451	0	219558	H3K9ac	204627	205436	15
GPI1	-6452	33615	0	28104	H3K4me3	2865	3594	0
GPI1	-6452	33615	0	28104	H3K9ac	2865	3594	1
H2-AA	-18096	18361	0	5020	H3K4me3	-11797	-10638	0
H2-AA	-18096	18361	0	5020	H3K9ac	-11797	-10638	1
HDAC1	-5712	26671	0	26542	H3K4me3	-299	1070	0
HDAC1	-5712	26671	0	26542	H3K9ac	-299	1070	1
HDAC5	-18710	36091	0	34425	H3K4me3	-15319	-14420	0
HDAC5	-18710	36091	0	34425	H3K9ac	-15319	-14420	1
HDAC5	-18710	36091	0	34425	H3K4me3	9371	12130	1
HDAC5	-18710	36091	0	34425	H3K9ac	9371	10020	2
HEYL	-17349	49355	0	16314	H3K4me3	-5898	-4889	0
HEYL	-17349	49355	0	16314	H3K9ac	-5898	-4989	1
HEYL	-17349	49355	0	16314	H3K4me3	-1098	-89	1
HEYL	-17349	49355	0	16314	H3K9ac	-998	-259	2
HEYL	-17349	49355	0	16314	H3K4me3	30352	31161	2
HEYL	-17349	49355	0	16314	H3K9ac	30352	30961	3
ID1	-48328	17899	0	1136	H3K4me3	-36757	-34888	0
ID1	-48328	17899	0	1136	H3K9ac	-36607	-35648	1
ID1	-48328	17899	0	1136	H3K4me3	-27257	-26398	1
ID1	-48328	17899	0	1136	H3K9ac	-27257	-26648	2
ID1	-48328	17899	0	1136	H3K4me3	-6697	-5948	2
ID1	-48328	17899	0	1136	H3K9ac	-6697	-5998	3
ID2	-568240	36371	0	2269	H3K4me3	-127279	-126420	0
ID2	-568240	36371	0	2269	H3K9ac	-127279	-126420	1
ID3	-90451	28572	0	1565	H3K4me3	6668	7727	0
ID3	-90451	28572	0	1565	H3K9ac	6668	7477	1
IL4	-12659	14421	0	6197	H3K4me3	-9099	-7950	0
IL4	-12659	14421	0	6197	H3K9ac	-9099	-7950	1
IL6ST	-27499	58686	0	42732	H3K4me3	50572	51301	0
IL6ST	-27499	58686	0	42732	H3K9ac	50572	51351	1
INHBB	-48061	368629	0	6783	H3K4me3	-29794	-28935	0
INHBB	-48061	368629	0	6783	H3K9ac	-29794	-28835	1
INHBB	-48061	368629	0	6783	H3K4me3	-24944	-24285	1
INHBB	-48061	368629	0	6783	H3K9ac	-24894	-24285	2
INHBB	-48061	368629	0	6783	H3K9ac	-744	865	2
INHBB	-48061	368629	0	6783	H3K4me3	1356	2055	3
INHBB	-48061	368629	0	6783	H3K9ac	6756	7615	3
ISL1	-543735	155480	0	11407	H3K4me3	-400870	-400161	1
ISL1	-543735	155480	0	11407	H3K9ac	-400870	-400161	1
JARID2	-450454	191176	0	190078	H3K4me3	-311713	-310554	1
JARID2	-450454	191176	0	190078	H3K9ac	-311713	-310554	1
JARID2	-450454	191176	0	190078	H3K4me3	-123293	-122654	2
JARID2	-450454	191176	0	190078	H3K9ac	-123263	-122504	2
JARID2	-450454	191176	0	190078	H3K4me3	-118193	-117104	3
JARID2	-450454	191176	0	190078	H3K9ac	-118193	-117104	3
JMJD1A	-75291	50995	0	43528	H3K4me3	-1005	854	1
JMJD1A	-75291	50995	0	43528	H3K9ac	-605	654	1
KLC4	-1104	15708	0	14513	H3K9ac	5228	5937	1
KLC4	-1104	15708	0	14513	H3K4me3	5278	5937	1
KLF4	-1207539	141254	0	5201	H3K4me3	-76626	-75937	1
KLF4	-1207539	141254	0	5201	H3K9ac	-76626	-75937	1
KLF4	-1207539	141254	0	5201	H3K4me3	-1176	13	2
KLF4	-1207539	141254	0	5201	H3K9ac	-1176	13	2
KLF4	-1207539	141254	0	5201	H3K4me3	274	3283	3
KLF4	-1207539	141254	0	5201	H3K9ac	524	2473	3
KLF4	-1207539	141254	0	5201	H3K4me3	46124	47123	4
KLF4	-1207539	141254	0	5201	H3K9ac	46124	47123	4
KLF4	-1207539	141254	0	5201	H3K4me3	48624	49283	5
KLF4	-1207539	141254	0	5201	H3K9ac	48624	49283	5
KLF9	-697556	67505	0	25685	H3K4me3	-6965	-4906	1
KLF9	-697556	67505	0	25685	H3K9ac	-6465	-5556	1
LATS2	-52131	81167	0	56461	H3K4me3	-12603	-11984	1
LATS2	-52131	81167	0	56461	H3K9ac	-12503	-11894	1
LEFTY1	-26951	7479	0	3362	H3K4me3	6045	7444	1
LEFTY1	-26951	7479	0	3362	H3K9ac	6635	7394	1
LEPREL2	-757	17412	0	16592	H3K4me3	6492	7141	1
LEPREL2	-757	17412	0	16592	H3K9ac	6492	7141	1
LEPREL2	-757	17412	0	16592	H3K4me3	16542	17411	2
LEPREL2	-757	17412	0	16592	H3K9ac	16542	17411	2
MAFF	-19510	13006	0	11398	H3K4me3	-1599	-820	1
MAFF	-19510	13006	0	11398	H3K9ac	-599	330	1
MAGED1	-66031	124987	0	6600	H3K4me3	-1253	4306	1
MAGED1	-66031	124987	0	6600	H3K9ac	-1253	2706	1
MAGED1	-66031	124987	0	6600	H3K9ac	81197	82206	2
MAGED1	-66031	124987	0	6600	H3K4me3	81247	82206	2
MCAM	-14258	14591	0	8053	H3K4me3	-4297	-3568	1
MCAM	-14258	14591	0	8053	H3K9ac	-3547	-2788	1
MCAM	-14258	14591	0	8053	H3K4me3	4303	7312	2
MCAM	-14258	14591	0	8053	H3K9ac	4903	7062	2
MKI67	-992351	30123	0	26633	H3K4me3	-938267	-937508	1
MKI67	-992351	30123	0	26633	H3K9ac	-938267	-937508	1
MKI67	-992351	30123	0	26633	H3K4me3	-173917	-173008	2
MKI67	-992351	30123	0	26633	H3K9ac	-173917	-173008	2
MLL1	-31995	78323	0	77919	H3K4me3	-2357	42	1
MLL1	-31995	78323	0	77919	H3K9ac	-2207	42	1
MLL1	-31995	78323	0	77919	H3K4me3	243	1652	2
MLL1	-31995	78323	0	77919	H3K9ac	243	1652	2
MLL2	-6578	39692	0	37515	H3K4me3	6912	8721	1
MLL2	-6578	39692	0	37515	H3K9ac	6962	8721	1
MLL5	1	114754	0	0	H3K9ac	43782	46591	1
MLL5	1	114754	0	0	H3K4me3	43932	47481	1
MRAS	-19532	78181	0	48735	H3K9ac	19411	20170	1
MRAS	-19532	78181	0	48735	H3K4me3	19511	20170	1
MRG1	-10060	286344	0	202043	H3K4me3	664	4943	1
MRG1	-10060	286344	0	202043	H3K9ac	1634	2293	1
MTF2	-78709	55905	0	43262	H3K4me3	-63698	-62799	1
MTF2	-78709	55905	0	43262	H3K9ac	-63698	-62799	1
MXI1	-55307	68708	0	65304	H3K4me3	-51036	-49077	1
MXI1	-55307	68708	0	65304	H3K9ac	-51036	-49077	1
MXI1	-55307	68708	0	65304	H3K4me3	-186	2323	2
MXI1	-55307	68708	0	65304	H3K9ac	-186	2323	2
MXI1	-55307	68708	0	65304	H3K4me3	2534	3923	3
MXI1	-55307	68708	0	65304	H3K9ac	2534	3393	3
MXI1	-55307	68708	0	65304	H3K4me3	18664	20123	4
MXI1	-55307	68708	0	65304	H3K9ac	18664	20123	4
MYH6	-4117	27294	0	24647	H3K4me3	8794	10203	1
MYH6	-4117	27294	0	24647	H3K9ac	8794	10103	1
MYL2	-71282	7077	0	5875	H3K4me3	-61951	-61122	1
MYL2	-71282	7077	0	5875	H3K9ac	-61951	-61272	1
MYL2	-71282	7077	0	5875	H3K4me3	-60561	-59872	2
MYL2	-71282	7077	0	5875	H3K9ac	-60561	-59822	2
MYL2	-71282	7077	0	5875	H3K9ac	-55981	-54622	3
MYL2	-71282	7077	0	5875	H3K4me3	-55881	-54922	3
MYL2	-71282	7077	0	5875	H3K4me3	-28931	-28072	4
MYL2	-71282	7077	0	5875	H3K9ac	-28931	-28072	4
MYL2	-71282	7077	0	5875	H3K4me3	5769	7028	5
MYL2	-71282	7077	0	5875	H3K9ac	5769	6728	5
MYLIP	-122031	117727	0	22198	H3K4me3	-112460	-111601	1
MYLIP	-122031	117727	0	22198	H3K9ac	-112460	-111601	1
MYLIP	-122031	117727	0	22198	H3K4me3	-360	1549	2
MYLIP	-122031	117727	0	22198	H3K9ac	-360	349	2
MYLIP	-122031	117727	0	22198	H3K9ac	80190	81049	3
MYLIP	-122031	117727	0	22198	H3K4me3	80340	81049	3
MYO1E	-65793	200339	0	192717	H3K4me3	-52	1507	1
MYO1E	-65793	200339	0	192717	H3K9ac	-2	1157	1
MYOD1	-66313	21060	0	2613	H3K4me3	-10892	-10133	1
MYOD1	-66313	21060	0	2613	H3K9ac	-10892	-10133	1
MYOD1	-66313	21060	0	2613	H3K4me3	-292	2417	2
MYOD1	-66313	21060	0	2613	H3K9ac	-292	567	2
MYST4	-51307	176718	0	172279	H3K4me3	4	2393	1
MYST4	-51307	176718	0	172279	H3K9ac	634	2393	1
NES	-17721	16438	0	9358	H3K4me3	-14660	-13651	1
NES	-17721	16438	0	9358	H3K9ac	-14660	-13651	1
NES	-17721	16438	0	9358	H3K4me3	-760	1999	2
NES	-17721	16438	0	9358	H3K9ac	2290	2949	2
NES	-17721	16438	0	9358	H3K4me3	6890	11349	3
NES	-17721	16438	0	9358	H3K9ac	8740	9999	3
NID1	-44104	152718	0	74573	H3K4me3	91097	91956	1
NID1	-44104	152718	0	74573	H3K9ac	91147	91956	1
NKX2-5	-75526	49044	0	2900	H3K4me3	-51806	-50897	1
NKX2-5	-75526	49044	0	2900	H3K9ac	-51456	-50847	1
NOTCH1	-77446	58421	0	45613	H3K4me3	-77409	-76350	1
NOTCH1	-77446	58421	0	45613	H3K9ac	-77359	-76490	1
NOTCH1	-77446	58421	0	45613	H3K4me3	-58109	-56550	2
NOTCH1	-77446	58421	0	45613	H3K9ac	-57809	-56550	2
NOTCH1	-77446	58421	0	45613	H3K4me3	-27809	-27060	3
NOTCH1	-77446	58421	0	45613	H3K9ac	-27809	-27060	3
NOTCH1	-77446	58421	0	45613	H3K4me3	-16109	-14850	4
NOTCH1	-77446	58421	0	45613	H3K9ac	-15979	-14850	4
NOTCH1	-77446	58421	0	45613	H3K9ac	-13659	-12600	5
NOTCH1	-77446	58421	0	45613	H3K4me3	-13559	-12600	5
NOTCH1	-77446	58421	0	45613	H3K4me3	-12009	-11300	6
NOTCH1	-77446	58421	0	45613	H3K9ac	-12009	-11300	6
NOTCH1	-77446	58421	0	45613	H3K4me3	56741	58330	7
NOTCH1	-77446	58421	0	45613	H3K9ac	57291	58330	7
NOTCH3	-16918	106247	0	45959	H3K4me3	-363	1396	1
NOTCH3	-16918	106247	0	45959	H3K9ac	437	1246	1
NOTCH3	-16918	106247	0	45959	H3K4me3	3837	4996	2
NOTCH3	-16918	106247	0	45959	H3K9ac	3837	4996	2
NOTCH3	-16918	106247	0	45959	H3K4me3	43937	45286	3
NOTCH3	-16918	106247	0	45959	H3K9ac	44087	45286	3
NOTCH3	-16918	106247	0	45959	H3K4me3	55587	56296	4
NOTCH3	-16918	106247	0	45959	H3K9ac	55587	56246	4
NPAS3	-97662	930305	0	820397	H3K9ac	659489	660398	1
NPAS3	-97662	930305	0	820397	H3K4me3	659589	660398	1
NPAS3	-97662	930305	0	820397	H3K4me3	742739	743578	2
NPAS3	-97662	930305	0	820397	H3K9ac	742739	743578	2
ODC1	-70218	18699	0	6629	H3K4me3	-55677	-54318	1
ODC1	-70218	18699	0	6629	H3K9ac	-54977	-54318	1
ODZ4	-2013176	740890	0	697917	H3K4me3	163705	164564	1
ODZ4	-2013176	740890	0	697917	H3K9ac	163805	164614	1
ODZ4	-2013176	740890	0	697917	H3K4me3	279655	280514	2
ODZ4	-2013176	740890	0	697917	H3K9ac	279655	280514	2
ODZ4	-2013176	740890	0	697917	H3K4me3	443705	445114	3
ODZ4	-2013176	740890	0	697917	H3K9ac	444105	445114	3
ODZ4	-2013176	740890	0	697917	H3K4me3	489915	490764	4
ODZ4	-2013176	740890	0	697917	H3K9ac	489915	490614	4
ODZ4	-2013176	740890	0	697917	H3K4me3	641345	642214	5
ODZ4	-2013176	740890	0	697917	H3K9ac	641345	642214	5
OSMR	-266259	73896	0	60693	H3K4me3	-434	995	1
OSMR	-266259	73896	0	60693	H3K9ac	-434	175	1
PAX2	-181120	173725	0	78633	H3K4me3	-179079	-178420	1
PAX2	-181120	173725	0	78633	H3K9ac	-179079	-178420	1
PAX2	-181120	173725	0	78633	H3K4me3	-172239	-171570	2
PAX2	-181120	173725	0	78633	H3K9ac	-172239	-171570	2
PAX2	-181120	173725	0	78633	H3K9ac	-167929	-167070	3
PAX2	-181120	173725	0	78633	H3K4me3	-167829	-167070	3
PAX2	-181120	173725	0	78633	H3K9ac	-116969	-115920	4
PAX2	-181120	173725	0	78633	H3K4me3	-116859	-115920	4
PAX2	-181120	173725	0	78633	H3K4me3	-76119	-75470	5
PAX2	-181120	173725	0	78633	H3K9ac	-76119	-75470	5
PAX2	-181120	173725	0	78633	H3K9ac	-57879	-57170	6
PAX2	-181120	173725	0	78633	H3K4me3	-57829	-57170	6
PAX2	-181120	173725	0	78633	H3K4me3	132221	132930	7
PAX2	-181120	173725	0	78633	H3K9ac	132221	132930	7
PAX3	-19453	680008	0	94444	H3K4me3	-12802	-11943	1
PAX3	-19453	680008	0	94444	H3K9ac	-12802	-11943	1
PAX7	-77520	162688	0	94887	H3K4me3	-75282	-73063	1
PAX7	-77520	162688	0	94887	H3K9ac	-74482	-73063	1
PAX7	-77520	162688	0	94887	H3K4me3	-72832	-72093	2
PAX7	-77520	162688	0	94887	H3K9ac	-72832	-72093	2
PAX7	-77520	162688	0	94887	H3K9ac	-24032	-23273	3
PAX7	-77520	162688	0	94887	H3K4me3	-23982	-23233	3
PAX7	-77520	162688	0	94887	H3K4me3	-23032	-22073	4
PAX7	-77520	162688	0	94887	H3K9ac	-23032	-22073	4
PAX7	-77520	162688	0	94887	H3K4me3	26318	27727	5
PAX7	-77520	162688	0	94887	H3K9ac	26318	27727	5
PAX7	-77520	162688	0	94887	H3K4me3	43318	44077	6
PAX7	-77520	162688	0	94887	H3K9ac	43368	44077	6
PAX7	-77520	162688	0	94887	H3K4me3	51518	52727	7
PAX7	-77520	162688	0	94887	H3K9ac	51518	52327	7
PAX7	-77520	162688	0	94887	H3K4me3	55118	56127	8
PAX7	-77520	162688	0	94887	H3K9ac	55118	56127	8
PAX7	-77520	162688	0	94887	H3K4me3	64268	65627	9
PAX7	-77520	162688	0	94887	H3K9ac	64268	65527	9
PAX7	-77520	162688	0	94887	H3K4me3	78518	79217	10
PAX7	-77520	162688	0	94887	H3K9ac	78518	79217	10
PAX7	-77520	162688	0	94887	H3K9ac	80018	81127	11
PAX7	-77520	162688	0	94887	H3K4me3	80218	81727	11
PAX7	-77520	162688	0	94887	H3K9ac	107968	108777	12
PAX7	-77520	162688	0	94887	H3K4me3	107978	108957	12
PAX7	-77520	162688	0	94887	H3K4me3	124018	125327	13
PAX7	-77520	162688	0	94887	H3K9ac	124018	125327	13
PAX7	-77520	162688	0	94887	H3K4me3	139918	140747	14
PAX7	-77520	162688	0	94887	H3K9ac	139918	140747	14
PBX1	-1021100	583525	0	312894	H3K4me3	-475	1264	1
PBX1	-1021100	583525	0	312894	H3K9ac	-475	254	1
PCOLCE	-1101	10364	0	6297	H3K9ac	-1086	173	1
PCOLCE	-1101	10364	0	6297	H3K4me3	-336	1193	1
PCOLCE	-1101	10364	0	6297	H3K4me3	2064	3423	2
PCOLCE	-1101	10364	0	6297	H3K9ac	2064	3423	2
PCOLCE	-1101	10364	0	6297	H3K4me3	5364	6363	3
PCOLCE	-1101	10364	0	6297	H3K9ac	5364	6323	3
PDGFRB	-9242	60131	0	39618	H3K4me3	-591	1918	1
PDGFRB	-9242	60131	0	39618	H3K9ac	-591	2018	1
PDGFRB	-9242	60131	0	39618	H3K4me3	6809	7718	2
PDGFRB	-9242	60131	0	39618	H3K9ac	6809	7718	2
PDGFRB	-9242	60131	0	39618	H3K4me3	8859	10868	3
PDGFRB	-9242	60131	0	39618	H3K9ac	9429	11358	3
PDGFRB	-9242	60131	0	39618	H3K4me3	30859	32068	4
PDGFRB	-9242	60131	0	39618	H3K9ac	31209	31918	4
PDK1	-16514	108015	0	29402	H3K4me3	61185	61834	1
PDK1	-16514	108015	0	29402	H3K9ac	61185	61834	1
PHF17	-57978	45510	0	35662	H3K4me3	-37787	-37098	1
PHF17	-57978	45510	0	35662	H3K9ac	-37787	-37098	1
PHF17	-57978	45510	0	35662	H3K4me3	943	1652	2
PHF17	-57978	45510	0	35662	H3K9ac	943	1652	2
PIPOX	-37159	27804	0	13169	H3K4me3	-13276	-12317	1
PIPOX	-37159	27804	0	13169	H3K9ac	-13276	-12317	1
PLA2G1B	-12064	11744	0	8451	H3K9ac	-11983	-11064	1
PLA2G1B	-12064	11744	0	8451	H3K4me3	-11973	-11064	1
PPAP2A	-67894	66988	0	66888	H3K4me3	-243	1516	1
PPAP2A	-67894	66988	0	66888	H3K9ac	-243	866	1
PPP1R2	-20915	74039	0	23736	H3K4me3	39549	40358	1
PPP1R2	-20915	74039	0	23736	H3K9ac	39549	40208	1
PRDM2	-28879	900222	0	85240	H3K4me3	78702	79311	1
PRDM2	-28879	900222	0	85240	H3K9ac	78702	79311	1
PRDM2	-28879	900222	0	85240	H3K9ac	94302	95121	2
PRDM2	-28879	900222	0	85240	H3K4me3	95452	96761	2
PRDM2	-28879	900222	0	85240	H3K4me3	331952	332731	3
PRDM2	-28879	900222	0	85240	H3K9ac	332052	332661	3
PRDM2	-28879	900222	0	85240	H3K4me3	793402	794111	4
PRDM2	-28879	900222	0	85240	H3K9ac	793402	794161	4
PROCR	-21957	24001	0	4115	H3K4me3	-516	533	1
PROCR	-21957	24001	0	4115	H3K9ac	-516	533	1
PROX1	-590340	248392	0	48905	H3K4me3	-520158	-519299	1
PROX1	-590340	248392	0	48905	H3K9ac	-520158	-519299	1
PROX1	-590340	248392	0	48905	H3K4me3	-517008	-516149	2
PROX1	-590340	248392	0	48905	H3K9ac	-517008	-516049	2
PROX1	-590340	248392	0	48905	H3K4me3	-399108	-398249	3
PROX1	-590340	248392	0	48905	H3K9ac	-399008	-398299	3
PROX1	-590340	248392	0	48905	H3K4me3	-355308	-354519	4
PROX1	-590340	248392	0	48905	H3K9ac	-355308	-354519	4
PROX1	-590340	248392	0	48905	H3K4me3	-245658	-245029	5
PROX1	-590340	248392	0	48905	H3K9ac	-245658	-245029	5
PROX1	-590340	248392	0	48905	H3K9ac	1012	2501	6
PROX1	-590340	248392	0	48905	H3K4me3	1092	2501	6
PRUNE	-868	30974	0	28402	H3K4me3	194	943	1
PRUNE	-868	30974	0	28402	H3K9ac	194	1023	1
PRUNE	-868	30974	0	28402	H3K4me3	8184	8793	2
PRUNE	-868	30974	0	28402	H3K9ac	8184	8793	2
PTCH2	-23952	28266	0	18475	H3K4me3	-801	108	1
PTCH2	-23952	28266	0	18475	H3K9ac	-801	-92	1
PTCH2	-23952	28266	0	18475	H3K4me3	7699	8458	2
PTCH2	-23952	28266	0	18475	H3K9ac	8749	9458	2
PTCH2	-23952	28266	0	18475	H3K4me3	12399	13958	3
PTCH2	-23952	28266	0	18475	H3K9ac	13049	13658	3
PTEN	-45279	380167	0	68583	H3K4me3	-2158	1051	1
PTEN	-45279	380167	0	68583	H3K9ac	-1938	181	1
PTOV1	-9598	6859	0	6720	H3K4me3	6229	6858	1
PTOV1	-9598	6859	0	6720	H3K9ac	6229	6858	1
PYCR2	-5206	30730	0	3779	H3K4me3	1985	2674	1
PYCR2	-5206	30730	0	3779	H3K9ac	3065	3724	1
RAG1AP1	-1176	3483	0	2314	H3K4me3	-737	1572	1
RAG1AP1	-1176	3483	0	2314	H3K9ac	363	1172	1
RASGRP2	-2124	27433	0	14633	H3K4me3	-2033	-64	1
RASGRP2	-2124	27433	0	14633	H3K9ac	-2033	-1354	1
RASGRP2	-2124	27433	0	14633	H3K4me3	6127	6986	2
RASGRP2	-2124	27433	0	14633	H3K9ac	6127	6936	2
RASGRP2	-2124	27433	0	14633	H3K4me3	7377	8586	3
RASGRP2	-2124	27433	0	14633	H3K9ac	7377	8586	3
RASGRP2	-2124	27433	0	14633	H3K4me3	15577	19736	4
RASGRP2	-2124	27433	0	14633	H3K9ac	17127	19586	4
RBM39	-16407	34447	0	33001	H3K4me3	-493	816	1
RBM39	-16407	34447	0	33001	H3K9ac	7	816	1
RBPJ	-8457	142708	0	101666	H3K4me3	32684	34993	1
RBPJ	-8457	142708	0	101666	H3K9ac	33114	34993	1
RBPJ	-8457	142708	0	101666	H3K9ac	127324	127943	2
RBPJ	-8457	142708	0	101666	H3K4me3	127334	127943	2
REST	-56488	26310	0	15043	H3K4me3	-56257	-55348	1
REST	-56488	26310	0	15043	H3K9ac	-56257	-55348	1
RNF138	-17493	71003	0	26882	H3K4me3	378	1777	1
RNF138	-17493	71003	0	26882	H3K9ac	378	1247	1
RPL11	-90451	31722	0	3423	H3K4me3	-74778	-74019	1
RPL11	-90451	31722	0	3423	H3K9ac	-74778	-74019	1
RPL11	-90451	31722	0	3423	H3K4me3	-58278	-57069	2
RPL11	-90451	31722	0	3423	H3K9ac	-58128	-56919	2
RPL11	-90451	31722	0	3423	H3K4me3	-52228	-51319	3
RPL11	-90451	31722	0	3423	H3K9ac	-52228	-51469	3
RPL11	-90451	31722	0	3423	H3K9ac	-31828	-31119	4
RPL11	-90451	31722	0	3423	H3K4me3	-31778	-31119	4
RPL11	-90451	31722	0	3423	H3K9ac	-18968	-17619	5
RPL11	-90451	31722	0	3423	H3K4me3	-17178	-16569	5
RPL11	-90451	31722	0	3423	H3K4me3	-278	1781	6
RPL11	-90451	31722	0	3423	H3K9ac	-178	1581	6
RPL13	-4661	14958	0	2824	H3K9ac	13540	14549	1
RPL13	-4661	14958	0	2824	H3K4me3	14140	14799	1
SALL2	-20433	23546	0	17489	H3K4me3	-15424	-14225	1
SALL2	-20433	23546	0	17489	H3K9ac	-15094	-14225	1
SCOTIN	-6402	19305	0	19139	H3K4me3	129	1228	1
SCOTIN	-6402	19305	0	19139	H3K9ac	129	1078	1
SCOTIN	-6402	19305	0	19139	H3K4me3	14069	15078	2
SCOTIN	-6402	19305	0	19139	H3K9ac	14169	15078	2
SELPLG	-12006	30075	0	11881	H3K9ac	-425	434	1
SELPLG	-12006	30075	0	11881	H3K4me3	-375	234	1
SELPLG	-12006	30075	0	11881	H3K4me3	1975	2584	2
SELPLG	-12006	30075	0	11881	H3K9ac	1975	2584	2
SELPLG	-12006	30075	0	11881	H3K4me3	5475	6184	3
SELPLG	-12006	30075	0	11881	H3K9ac	5475	6184	3
SELPLG	-12006	30075	0	11881	H3K4me3	13725	14534	4
SELPLG	-12006	30075	0	11881	H3K9ac	13725	14534	4
SELPLG	-12006	30075	0	11881	H3K4me3	29425	30074	5
SELPLG	-12006	30075	0	11881	H3K9ac	29425	30074	5
SERTAD1	-9589	12371	0	3361	H3K4me3	-268	1341	1
SERTAD1	-9589	12371	0	3361	H3K9ac	172	841	1
SERTAD1	-9589	12371	0	3361	H3K9ac	2332	3141	2
SERTAD1	-9589	12371	0	3361	H3K4me3	3482	4191	2
SERTAD1	-9589	12371	0	3361	H3K4me3	6182	6841	3
SERTAD1	-9589	12371	0	3361	H3K9ac	6182	6891	3
SERTAD1	-9589	12371	0	3361	H3K4me3	9932	10911	4
SERTAD1	-9589	12371	0	3361	H3K9ac	9932	10911	4
SOCS2	-63985	92724	0	4779	H3K4me3	-1306	413	1
SOCS2	-63985	92724	0	4779	H3K9ac	-806	413	1
SOCS2	-63985	92724	0	4779	H3K4me3	644	1673	2
SOCS2	-63985	92724	0	4779	H3K9ac	694	1673	2
SOCS3	-17695	95681	0	3083	H3K4me3	-7539	-6380	1
SOCS3	-17695	95681	0	3083	H3K9ac	-7539	-6480	1
SOCS3	-17695	95681	0	3083	H3K4me3	-2089	2970	2
SOCS3	-17695	95681	0	3083	H3K9ac	-2089	1170	2
SOCS3	-17695	95681	0	3083	H3K4me3	5161	5870	3
SOCS3	-17695	95681	0	3083	H3K9ac	5161	5870	3
SOCS3	-17695	95681	0	3083	H3K4me3	16561	18140	4
SOCS3	-17695	95681	0	3083	H3K9ac	16911	18140	4
SOCS3	-17695	95681	0	3083	H3K9ac	33711	35020	5
SOCS3	-17695	95681	0	3083	H3K4me3	33811	35130	5
SOCS3	-17695	95681	0	3083	H3K4me3	59011	60120	6
SOCS3	-17695	95681	0	3083	H3K9ac	59061	60140	6
SOCS3	-17695	95681	0	3083	H3K9ac	65511	66920	7
SOCS3	-17695	95681	0	3083	H3K4me3	65561	66920	7
SOCS3	-17695	95681	0	3083	H3K9ac	82661	83440	8
SOCS3	-17695	95681	0	3083	H3K4me3	82711	83440	8
SOCS3	-17695	95681	0	3083	H3K4me3	86611	87820	9
SOCS3	-17695	95681	0	3083	H3K9ac	87461	88520	9
SOCS3	-17695	95681	0	3083	H3K9ac	90361	91120	10
SOCS3	-17695	95681	0	3083	H3K4me3	90411	91120	10
SOCS3	-17695	95681	0	3083	H3K4me3	92961	94170	11
SOCS3	-17695	95681	0	3083	H3K9ac	93061	94170	11
SPG20	-28138	25199	0	23817	H3K4me3	-207	1102	1
SPG20	-28138	25199	0	23817	H3K9ac	-27	852	1
STXBP1	-29099	62721	0	59164	H3K4me3	-28969	-27920	1
STXBP1	-29099	62721	0	59164	H3K9ac	-28819	-28060	1
STXBP1	-29099	62721	0	59164	H3K4me3	-23519	-21970	2
STXBP1	-29099	62721	0	59164	H3K9ac	-22419	-21060	2
STXBP1	-29099	62721	0	59164	H3K4me3	-20769	-20100	3
STXBP1	-29099	62721	0	59164	H3K9ac	-20769	-20100	3
T	-11695	367322	0	8073	H3K4me3	78416	79075	1
T	-11695	367322	0	8073	H3K9ac	78416	79075	1
T	-11695	367322	0	8073	H3K4me3	89046	91375	2
T	-11695	367322	0	8073	H3K9ac	89046	91175	2
T	-11695	367322	0	8073	H3K4me3	328866	329625	3
T	-11695	367322	0	8073	H3K9ac	328866	329475	3
TAL1	-16628	29196	0	12228	H3K4me3	13173	14032	1
TAL1	-16628	29196	0	12228	H3K9ac	13173	14032	1
TBN	-2764	32143	0	14237	H3K4me3	-177	552	1
TBN	-2764	32143	0	14237	H3K9ac	-177	432	1
TBX3	-2270	133070	0	13932	H3K4me3	45981	46720	1
TBX3	-2270	133070	0	13932	H3K9ac	45981	46720	1
TBX3	-2270	133070	0	13932	H3K4me3	106531	107460	2
TBX3	-2270	133070	0	13932	H3K9ac	106531	107460	2
TCEA3	-3071	38089	0	26918	H3K4me3	-1340	1019	1
TCEA3	-3071	38089	0	26918	H3K9ac	-1290	-531	1
TCF3	-52158	172208	0	162576	H3K4me3	-36862	-36013	1
TCF3	-52158	172208	0	162576	H3K9ac	-36862	-36053	1
TCF3	-52158	172208	0	162576	H3K4me3	154238	155147	2
TCF3	-52158	172208	0	162576	H3K9ac	154288	154947	2
TCF3	-52158	172208	0	162576	H3K4me3	161188	162497	3
TCF3	-52158	172208	0	162576	H3K9ac	161288	162497	3
TCFAP2C	-39876	86206	0	8995	H3K4me3	-31205	-30346	1
TCFAP2C	-39876	86206	0	8995	H3K9ac	-31205	-30346	1
TCFAP2C	-39876	86206	0	8995	H3K4me3	15605	16454	2
TCFAP2C	-39876	86206	0	8995	H3K9ac	15845	16454	2
TCFAP2C	-39876	86206	0	8995	H3K4me3	30505	31304	3
TCFAP2C	-39876	86206	0	8995	H3K9ac	30505	31204	3
TCFAP2C	-39876	86206	0	8995	H3K4me3	36445	37254	4
TCFAP2C	-39876	86206	0	8995	H3K9ac	36445	37254	4
TCFCP2L1	-18483	206116	0	57223	H3K4me3	28038	28747	1
TCFCP2L1	-18483	206116	0	57223	H3K9ac	28038	28747	1
TCFCP2L1	-18483	206116	0	57223	H3K4me3	146938	147547	2
TCFCP2L1	-18483	206116	0	57223	H3K9ac	146938	147547	2
TCL1	-107161	15718	0	5956	H3K4me3	-42742	-41983	1
TCL1	-107161	15718	0	5956	H3K9ac	-42742	-42033	1
TEAD2	-3903	17879	0	17866	H3K4me3	-322	1737	1
TEAD2	-3903	17879	0	17866	H3K9ac	58	1337	1
TEAD2	-3903	17879	0	17866	H3K4me3	3328	4087	2
TEAD2	-3903	17879	0	17866	H3K9ac	3328	4087	2
TFRC	-101807	35840	0	23769	H3K4me3	-89656	-88397	1
TFRC	-101807	35840	0	23769	H3K9ac	-89456	-88397	1
TFRC	-101807	35840	0	23769	H3K4me3	-40706	-40097	2
TFRC	-101807	35840	0	23769	H3K9ac	-40706	-40097	2
TFRC	-101807	35840	0	23769	H3K4me3	-356	703	3
TFRC	-101807	35840	0	23769	H3K9ac	-356	553	3
TFRC	-101807	35840	0	23769	H3K4me3	27944	28703	4
TFRC	-101807	35840	0	23769	H3K9ac	28094	28853	4
TFRC	-101807	35840	0	23769	H3K4me3	32444	33103	5
TFRC	-101807	35840	0	23769	H3K9ac	32444	33103	5
TICAM1	-2259	15628	0	7241	H3K4me3	-292	667	1
TICAM1	-2259	15628	0	7241	H3K9ac	-292	507	1
TIE1	-37426	32378	0	18658	H3K4me3	-560	309	1
TIE1	-37426	32378	0	18658	H3K9ac	-560	309	1
TIE1	-37426	32378	0	18658	H3K4me3	9190	10299	2
TIE1	-37426	32378	0	18658	H3K9ac	9340	10299	2
TIE1	-37426	32378	0	18658	H3K4me3	15240	15999	3
TIE1	-37426	32378	0	18658	H3K9ac	15240	15999	3
TIE1	-37426	32378	0	18658	H3K9ac	18490	19299	4
TIE1	-37426	32378	0	18658	H3K4me3	18590	19299	4
TIE1	-37426	32378	0	18658	H3K4me3	23740	24549	5
TIE1	-37426	32378	0	18658	H3K9ac	23740	24549	5
TIE1	-37426	32378	0	18658	H3K4me3	31240	32309	6
TIE1	-37426	32378	0	18658	H3K9ac	31240	32309	6
TIMP3	-252084	239441	0	49093	H3K9ac	-6353	-5644	1
TIMP3	-252084	239441	0	49093	H3K4me3	-6303	-5594	1
TIMP3	-252084	239441	0	49093	H3K4me3	447	2206	2
TIMP3	-252084	239441	0	49093	H3K9ac	1017	2106	2
TIMP3	-252084	239441	0	49093	H3K4me3	163147	163906	3
TIMP3	-252084	239441	0	49093	H3K9ac	163147	163906	3
TNFRSF1B	-22106	51875	0	34502	H3K9ac	-20545	-19636	1
TNFRSF1B	-22106	51875	0	34502	H3K4me3	-20495	-19486	1
TNFRSF1B	-22106	51875	0	34502	H3K4me3	28755	29964	2
TNFRSF1B	-22106	51875	0	34502	H3K9ac	28755	29964	2
TNNC1	-1486	9561	0	3399	H3K4me3	6385	7064	1
TNNC1	-1486	9561	0	3399	H3K9ac	6385	7064	1
TOB1	-55678	26144	0	4041	H3K4me3	-50417	-49708	1
TOB1	-55678	26144	0	4041	H3K9ac	-50417	-49708	1
TOB1	-55678	26144	0	4041	H3K9ac	-39867	-39158	2
TOB1	-55678	26144	0	4041	H3K4me3	-39767	-38028	2
TOB1	-55678	26144	0	4041	H3K4me3	-36367	-35308	3
TOB1	-55678	26144	0	4041	H3K9ac	-36367	-35408	3
TPM1	-168923	73729	0	26620	H3K4me3	-29241	-28532	1
TPM1	-168923	73729	0	26620	H3K9ac	-29241	-28582	1
TPM1	-168923	73729	0	26620	H3K9ac	5109	5968	2
TPM1	-168923	73729	0	26620	H3K4me3	5159	5968	2
TPM1	-168923	73729	0	26620	H3K4me3	35459	36268	3
TPM1	-168923	73729	0	26620	H3K9ac	35459	36168	3
TPM2	-8130	9663	0	8676	H3K4me3	3593	5102	1
TPM2	-8130	9663	0	8676	H3K9ac	3593	4702	1
TRIM13	-42908	7663	0	6149	H3K4me3	-42907	-42288	1
TRIM13	-42908	7663	0	6149	H3K9ac	-42907	-42288	1
TRIP6	-318	7074	0	4342	H3K9ac	-296	1633	1
TRIP6	-318	7074	0	4342	H3K4me3	2004	2613	1
TRIP6	-318	7074	0	4342	H3K4me3	3304	3913	2
TRIP6	-318	7074	0	4342	H3K9ac	3304	3963	2
TSC22D1	-163491	116991	0	91940	H3K4me3	-2020	-561	1
TSC22D1	-163491	116991	0	91940	H3K9ac	-2020	-561	1
TSC22D1	-163491	116991	0	91940	H3K9ac	89630	90389	2
TSC22D1	-163491	116991	0	91940	H3K4me3	90690	91309	2
TSC22D1	-163491	116991	0	91940	H3K9ac	101730	102539	3
TSC22D1	-163491	116991	0	91940	H3K4me3	101830	102539	3
TSC22D3	-77506	124383	0	60994	H3K4me3	-65857	-63148	1
TSC22D3	-77506	124383	0	60994	H3K9ac	-65857	-63098	1
TSC22D3	-77506	124383	0	60994	H3K9ac	-107	1172	2
TSC22D3	-77506	124383	0	60994	H3K4me3	1383	2202	2
TSC22D3	-77506	124383	0	60994	H3K4me3	56593	58702	3
TSC22D3	-77506	124383	0	60994	H3K9ac	57773	58802	3
TSC22D3	-77506	124383	0	60994	H3K4me3	63643	64342	4
TSC22D3	-77506	124383	0	60994	H3K9ac	63643	64342	4
TSC22D3	-77506	124383	0	60994	H3K4me3	88543	89722	5
TSC22D3	-77506	124383	0	60994	H3K9ac	88793	89722	5
TSC22D3	-77506	124383	0	60994	H3K4me3	92243	92902	6
TSC22D3	-77506	124383	0	60994	H3K9ac	92243	92902	6
UBE1L	-3299	8659	0	8489	H3K4me3	4962	5671	1
UBE1L	-3299	8659	0	8489	H3K9ac	4962	5571	1
USP2	-18442	34821	0	28606	H3K4me3	17449	19258	1
USP2	-18442	34821	0	28606	H3K9ac	17449	18958	1
USP9X	-132961	131039	0	101830	H3K4me3	-990	1939	1
USP9X	-132961	131039	0	101830	H3K9ac	-990	-1	1
UTRN	-76481	1251252	0	479547	H3K4me3	-7928	-5729	1
UTRN	-76481	1251252	0	479547	H3K9ac	-7078	-6419	1
VWF	-58208	157740	0	133714	H3K4me3	47722	48431	1
VWF	-58208	157740	0	133714	H3K9ac	47722	48431	1
VWF	-58208	157740	0	133714	H3K4me3	97022	97731	2
VWF	-58208	157740	0	133714	H3K9ac	97072	97731	2
WBP5	-19554	25263	0	2059	H3K4me3	-416	1443	1
WBP5	-19554	25263	0	2059	H3K9ac	684	1443	1
WBP7	-955	20764	0	19871	H3K4me3	334	3993	1
WBP7	-955	20764	0	19871	H3K9ac	334	2143	1
WBP7	-955	20764	0	19871	H3K4me3	12684	14893	2
WBP7	-955	20764	0	19871	H3K9ac	12684	14893	2
WDR45	-149	6322	0	5952	H3K4me3	-148	1291	1
WDR45	-149	6322	0	5952	H3K9ac	-148	1291	1
WDR45	-149	6322	0	5952	H3K4me3	3062	5341	2
WDR45	-149	6322	0	5952	H3K9ac	4132	5141	2
WNT3A	-16179	62565	0	42715	H3K4me3	43135	43764	1
WNT3A	-16179	62565	0	42715	H3K9ac	43135	43764	1
WNT4	-228940	42068	0	19144	H3K4me3	-202479	-201240	1
WNT4	-228940	42068	0	19144	H3K9ac	-202479	-201290	1
WNT4	-228940	42068	0	19144	H3K4me3	-147009	-146090	2
WNT4	-228940	42068	0	19144	H3K9ac	-147009	-146090	2
WNT4	-228940	42068	0	19144	H3K4me3	-144549	-143190	3
WNT4	-228940	42068	0	19144	H3K9ac	-144549	-143840	3
WNT4	-228940	42068	0	19144	H3K4me3	-142749	-142140	4
WNT4	-228940	42068	0	19144	H3K9ac	-141849	-141140	4
WNT4	-228940	42068	0	19144	H3K4me3	-138119	-137490	5
WNT4	-228940	42068	0	19144	H3K9ac	-138119	-137490	5
WNT4	-228940	42068	0	19144	H3K9ac	-121099	-120390	6
WNT4	-228940	42068	0	19144	H3K4me3	-121009	-120190	6
WNT4	-228940	42068	0	19144	H3K4me3	-117349	-115740	7
WNT4	-228940	42068	0	19144	H3K9ac	-117249	-115740	7
WNT4	-228940	42068	0	19144	H3K4me3	-100889	-99690	8
WNT4	-228940	42068	0	19144	H3K9ac	-100549	-99640	8
WNT4	-228940	42068	0	19144	H3K4me3	-94999	-94240	9
WNT4	-228940	42068	0	19144	H3K9ac	-94749	-94030	9
WNT4	-228940	42068	0	19144	H3K4me3	-93479	-92530	10
WNT4	-228940	42068	0	19144	H3K9ac	-93479	-92530	10
WNT4	-228940	42068	0	19144	H3K4me3	-81209	-80340	11
WNT4	-228940	42068	0	19144	H3K9ac	-81209	-80540	11
WNT4	-228940	42068	0	19144	H3K4me3	-60699	-59940	12
WNT4	-228940	42068	0	19144	H3K9ac	-60699	-59940	12
WNT4	-228940	42068	0	19144	H3K4me3	-50399	-47890	13
WNT4	-228940	42068	0	19144	H3K9ac	-50349	-47940	13
WNT4	-228940	42068	0	19144	H3K4me3	22111	25610	14
WNT4	-228940	42068	0	19144	H3K9ac	22111	25660	14
WNT4	-228940	42068	0	19144	H3K4me3	33021	33960	15
WNT4	-228940	42068	0	19144	H3K9ac	33051	33960	15
YY1	-91024	32567	0	23321	H3K9ac	-91023	-90354	1
YY1	-91024	32567	0	23321	H3K4me3	-90973	-90354	1
YY1	-91024	32567	0	23321	H3K4me3	-89593	-88654	2
YY1	-91024	32567	0	23321	H3K9ac	-89593	-88654	2
YY1	-91024	32567	0	23321	H3K4me3	-35713	-34954	3
YY1	-91024	32567	0	23321	H3K9ac	-34463	-33604	3
YY1	-91024	32567	0	23321	H3K4me3	-973	-254	4
YY1	-91024	32567	0	23321	H3K9ac	77	1016	4
ZFP704	-81813	324752	0	183062	H3K4me3	-728	21	1
ZFP704	-81813	324752	0	183062	H3K9ac	-728	21	1
ZFX	-65302	98781	0	48776	H3K4me3	92731	93440	1
ZFX	-65302	98781	0	48776	H3K9ac	92731	93440	1
ZRANB1	-64511	37389	0	34329	H3K4me3	-57400	-56491	1
ZRANB1	-64511	37389	0	34329	H3K9ac	-57100	-56491	1
ZRANB1	-64511	37389	0	34329	H3K9ac	-48580	-47691	2
ZRANB1	-64511	37389	0	34329	H3K4me3	-48500	-47691	2
