Gene	TiledRegionStart	TiledRegionStop	GeneStart	GeneStop	Mark	RegionStart	RegionStop
6720457D02RIK	-126293	92002	0	41802	Ab6_MB	-126293	-125667
6720457D02RIK	-126293	92002	0	41802	Ab6_MB	-13	384
6720457D02RIK	-126293	92002	0	41802	Ab6_MB	91381	92002
8430410A17RIK	-10000	22638	0	22638	Ab6_MB	-312	1349
AATF	-15351	90645	0	90645	Ab4_MB	-15351	-5203
AATF	-15351	90645	0	90645	Ab6_MB	-103	1107
ABCB1B	-10000	68122	0	68122	Ab6_MB	-360	983
ABCG2	-10000	235676	0	95779	Ab6_MB	234560	235676
ABCG2	-10000	235676	0	95779	Ab6_MB	43646	44372
ABCG2	-10000	235676	0	95779	Ab6_MB	-569	-32
ACE	-24251	21298	0	21298	Ab6_MB	-24251	-23371
ACO1	-10000	55744	0	55744	Ab6_MB	165	1174
ACO1	-10000	55744	0	55744	Ab6_MB	-726	-362
ACTB	-57567	4262	0	3608	Ab6_MB	-1133	-95
ACTB	-57567	4262	0	3608	Ab6_MB	-23024	-22179
ACTB	-57567	4262	0	3608	Ab6_MB	-23379	-23099
ACTB	-57567	4262	0	3608	Ab6_MB	3519	4262
ACTB	-57567	4262	0	3608	Ab6_MB	-40	3416
ACTB	-57567	4262	0	3608	Ab6_MB	-57567	-53261
ADAM19	-10000	91356	0	91356	Ab6_MB	-218	1619
ADAM9	-10000	67169	0	67169	Ab6_MB	-1296	-332
ADAM9	-10000	67169	0	67169	Ab6_MB	-187	1328
AIM1	-263422	54539	0	54539	Ab6_MB	-263422	-262343
AIM1	-263422	54539	0	54539	Ab6_MB	-75	2502
AK1	-10000	10000	0	5548	Ab6_MB	-1133	1780
AK3L1	-64219	47236	0	47236	Ab4_MB	96	1825
AK3L1	-64219	47236	0	47236	Ab6_MB	-64219	-63004
AKP2	-66986	60304	0	54584	Ab4_MB	17197	18668
AKP2	-66986	60304	0	54584	Ab4_MB	25658	27949
AKP2	-66986	60304	0	54584	Ab4_MB	32587	34333
AKP2	-66986	60304	0	54584	Ab4_MB	36927	39818
AKP2	-66986	60304	0	54584	Ab4_MB	39900	42651
AKP2	-66986	60304	0	54584	Ab4_MB	43257	45153
AKP2	-66986	60304	0	54584	Ab4_MB	-4581	813
AKP2	-66986	60304	0	54584	Ab4_MB	51934	60304
AKP2	-66986	60304	0	54584	Ab6_MB	-66986	-65896
ALCAM	-10000	203161	0	203161	Ab6_MB	1002	3951
ALCAM	-10000	203161	0	203161	Ab6_MB	218	726
ALCAM	-10000	203161	0	203161	Ab6_MB	-631	145
ALDH7A1	-10000	47136	0	47136	Ab6_MB	-1239	-109
ALDH7A1	-10000	47136	0	47136	Ab6_MB	-29	577
ANGPT1	-10000	252072	0	252072	Ab6_MB	-646	2361
ANKRD1	-229825	10000	0	7879	Ab6_MB	-10163	-9816
ANKRD1	-229825	10000	0	7879	Ab6_MB	-229825	-227859
ANKRD1	-229825	10000	0	7879	Ab6_MB	-272	3712
ARIH2	-13136	52270	0	46438	Ab6_MB	-13136	-12618
ARIH2	-13136	52270	0	46438	Ab6_MB	51530	52270
ARIH2	-13136	52270	0	46438	Ab6_MB	-782	1224
ASH2L	-10000	30800	0	30800	Ab6_MB	5582	8056
ATXN1	-10000	410083	0	410083	Ab6_MB	-1330	1970
B2M	-30462	10000	0	5395	Ab6_MB	-29166	-28764
B2M	-30462	10000	0	5395	Ab6_MB	-30462	-29256
B2M	-30462	10000	0	5395	Ab6_MB	-53	1514
BAX	-10000	10000	0	5203	Ab6_MB	-284	1792
BDNF	-10000	217390	0	52343	Ab6_MB	17657	20894
BDNF	-10000	217390	0	52343	Ab6_MB	2147	3394
BDNF	-10000	217390	0	52343	Ab6_MB	215632	216117
BDNF	-10000	217390	0	52343	Ab6_MB	216173	217390
BDNF	-10000	217390	0	52343	Ab6_MB	3642	3924
BGN	-25656	12287	0	12287	Ab6_MB	-14	1462
BGN	-25656	12287	0	12287	Ab6_MB	1541	2071
BGN	-25656	12287	0	12287	Ab6_MB	-25656	-24610
BMP6	-10000	154012	0	154012	Ab4_MB	-1530	1714
BNIP3	-32067	18670	0	18670	Ab4_MB	-32067	-29409
BNIP3	-32067	18670	0	18670	Ab6_MB	6	616
BRCA1	-10000	60356	0	60356	Ab6_MB	-2850	-1652
BRCA1	-10000	60356	0	60356	Ab6_MB	-4730	-2949
C80913	-10000	59540	0	59540	Ab6_MB	-98	1011
C80913	-10000	59540	0	59540	Ab6_MB	-98	1011
CBX2	-10000	10000	0	8241	Ab6_MB	-734	1870
CBX3	-10000	13088	0	13088	Ab6_MB	-4008	-693
CBX3	-10000	13088	0	13088	Ab6_MB	-561	1679
CBX4	-10000	10000	0	5986	Ab6_MB	-303	1429
CBX6	-10000	30906	0	10435	Ab6_MB	19	1816
CBX6	-10000	30906	0	10435	Ab6_MB	29110	30906
CBX6	-10000	30906	0	10435	Ab6_MB	-9341	-8846
CBX7	-10000	16839	0	16839	Ab6_MB	-422	361
CBX8	-16236	10000	0	2477	Ab6_MB	-16236	-15341
CBX8	-16236	10000	0	2477	Ab6_MB	-16236	-15341
CBX8	-16236	10000	0	2477	Ab6_MB	-68	817
CBX8	-16236	10000	0	2477	Ab6_MB	-68	817
CBX8	-16236	10000	0	2477	Ab6_MB	-814	-271
CBX8	-16236	10000	0	2477	Ab6_MB	-814	-271
CCNA2	-10000	19865	0	7076	Ab6_MB	-104	1618
CCNA2	-10000	19865	0	7076	Ab6_MB	18610	19865
CCNB1	-10000	11826	0	7747	Ab6_MB	10145	11826
CCNB1	-10000	11826	0	7747	Ab6_MB	61	627
CCNB1	-10000	11826	0	7747	Ab6_MB	708	913
CCNB1	-10000	11826	0	7747	Ab6_MB	985	1880
CCNC	-44081	22816	0	22816	Ab4_MB	-44081	-41006
CCNC	-44081	22816	0	22816	Ab6_MB	-827	-175
CCNC	-44081	22816	0	22816	Ab6_MB	-98	935
CCND1	-10000	10000	0	9994	Ab6_MB	-1021	-121
CCND1	-10000	10000	0	9994	Ab6_MB	-19	2542
CCND1	-10000	10000	0	9994	Ab6_MB	-2276	-1076
CCND2	-10000	42600	0	25340	Ab4_MB	-5061	3195
CCND2	-10000	42600	0	25340	Ab6_MB	41444	42600
CCND3	-10000	94638	0	94638	Ab6_MB	88408	90742
CCNE1	-76914	10000	0	9506	Ab6_MB	-39	1048
CCNE1	-76914	10000	0	9506	Ab6_MB	-76914	-75718
CCNE1	-76914	10000	0	9506	Ab6_MB	-895	-175
CD34	-10000	38528	0	22371	Ab6_MB	37348	38528
CD34	-10000	38528	0	22371	Ab6_MB	66	436
CD9	-10000	69975	0	34489	Ab6_MB	1439	2159
CD9	-10000	69975	0	34489	Ab6_MB	-300	1375
CD9	-10000	69975	0	34489	Ab6_MB	-300	1375
CD9	-10000	69975	0	34489	Ab6_MB	69372	69975
CDH15	-10000	19023	0	19023	Ab6_MB	74	927
CDK4	-10000	7569	0	3780	Ab6_MB	5655	6749
CDK4	-10000	7569	0	3780	Ab6_MB	6851	7569
CDK4	-10000	7569	0	3780	Ab6_MB	-900	1529
CDK6	-10000	200606	0	177913	Ab6_MB	199228	200606
CDK6	-10000	200606	0	177913	Ab6_MB	-3597	598
CDKN1A	-15876	10000	0	6947	Ab6_MB	-15876	-14801
CDKN1A	-15876	10000	0	6947	Ab6_MB	1610	2205
CDKN1A	-15876	10000	0	6947	Ab6_MB	-47	1558
CDKN1B	-23594	10198	0	3641	Ab6_MB	-21993	-21466
CDKN1B	-23594	10198	0	3641	Ab6_MB	-23594	-22060
CDKN1B	-23594	10198	0	3641	Ab6_MB	6287	8257
CDKN1B	-23594	10198	0	3641	Ab6_MB	-842	2377
CDKN1B	-23594	10198	0	3641	Ab6_MB	8539	10198
CDKN2A	-10000	37606	0	20146	Ab6_MB	36708	37606
CDX2	-10000	10000	0	6349	Ab4_MB	-838	6280
CEBPB	-28767	89133	0	1503	Ab6_MB	-220	2955
CEBPB	-28767	89133	0	1503	Ab6_MB	-27113	-26858
CEBPB	-28767	89133	0	1503	Ab6_MB	-28767	-27270
CEBPB	-28767	89133	0	1503	Ab6_MB	88423	89133
CFC1	-10000	10000	0	8663	Ab4_MB	1050	1974
CKAP2	-10000	17370	0	17370	Ab6_MB	-14	1494
CKAP2	-10000	17370	0	17370	Ab6_MB	-8460	-6899
CLK1	-10000	12088	0	12088	Ab6_MB	-55	1673
CLK3	-10000	15149	0	15149	Ab6_MB	-209	2145
CNN1	-14751	10349	0	10349	Ab6_MB	-14751	-13155
CNN2	-10000	9299	0	6800	Ab6_MB	-5704	-3602
CNN2	-10000	9299	0	6800	Ab6_MB	7841	9299
CNN2	-10000	9299	0	6800	Ab6_MB	-995	1999
COL3A1	-10000	37374	0	37374	Ab6_MB	-568	2470
CREB1	-413624	71744	0	71744	Ab6_MB	-1070	1582
CREB1	-413624	71744	0	71744	Ab6_MB	1670	2093
CREB1	-413624	71744	0	71744	Ab6_MB	-411096	-410447
CREB1	-413624	71744	0	71744	Ab6_MB	-413624	-411149
CS	-10000	24647	0	24647	Ab6_MB	-110	1421
CS	-10000	24647	0	24647	Ab6_MB	-711	-208
CSAD	-16056	12045	0	12045	Ab6_MB	-16056	-13531
CSPG4	-10000	33975	0	33975	Ab6_MB	1115	1807
CSPG4	-10000	33975	0	33975	Ab6_MB	-69	1045
CTNNAL1	-10000	54253	0	54253	Ab6_MB	-7	1681
CTNNB1	-10000	27032	0	27032	Ab6_MB	8	1883
CTSF	-15288	10000	0	5783	Ab4_MB	-15288	-11764
CTSF	-15288	10000	0	5783	Ab4_MB	-4704	-3681
CTSL	-63229	10000	0	7092	Ab6_MB	-29	760
CTSL	-63229	10000	0	7092	Ab6_MB	-632	-100
CTSL	-63229	10000	0	7092	Ab6_MB	-63229	-62199
CTSL	-63229	10000	0	7092	Ab6_MB	844	1264
CXCR4	-10000	176094	0	4100	Ab6_MB	174611	176094
CXCR4	-10000	176094	0	4100	Ab6_MB	-463	1472
CYR61	-10000	10000	0	3005	Ab6_MB	-3470	-122
CYR61	-10000	10000	0	3005	Ab6_MB	-3470	-122
CYR61	-10000	10000	0	3005	Ab6_MB	-4003	-3527
CYR61	-10000	10000	0	3005	Ab6_MB	-4003	-3527
CYR61	-10000	10000	0	3005	Ab6_MB	-6	2569
CYR61	-10000	10000	0	3005	Ab6_MB	-6	2569
D4WSU53E	-10000	8245	0	3733	Ab6_MB	-1086	-261
D4WSU53E	-10000	8245	0	3733	Ab6_MB	1480	2290
D4WSU53E	-10000	8245	0	3733	Ab6_MB	-64	1415
D4WSU53E	-10000	8245	0	3733	Ab6_MB	7259	8245
D4WSU53E	-10000	8245	0	3733	Ab6_MB	-9780	-8675
DAZL	-216673	14198	0	14198	Ab6_MB	-216673	-215198
DDAH1	-10000	166422	0	132946	Ab6_MB	164732	165268
DDAH1	-10000	166422	0	132946	Ab6_MB	165559	166422
DDIT3	-10000	22011	0	5476	Ab6_MB	-1098	-335
DDIT3	-10000	22011	0	5476	Ab6_MB	-137	1748
DDIT3	-10000	22011	0	5476	Ab6_MB	19762	22011
DDIT3	-10000	22011	0	5476	Ab6_MB	-2970	-1167
DES	-10000	10000	0	7372	Ab6_MB	12	1060
DGKA	-10000	40426	0	23922	Ab6_MB	38990	40426
DGKA	-10000	40426	0	23922	Ab6_MB	-5444	-3300
DGKA	-10000	40426	0	23922	Ab6_MB	-626	1269
DMRT1	-10000	100895	0	98004	Ab4_MB	-804	1720
DMRT1	-10000	100895	0	98004	Ab4_MB	98815	100895
DNAJB6	-10000	50538	0	50538	Ab6_MB	45	1403
DNAJB6	-10000	50538	0	50538	Ab6_MB	-663	-30
DNMT1	-10000	55530	0	45664	Ab6_MB	-11	1204
DNMT1	-10000	55530	0	45664	Ab6_MB	54176	55530
DNMT3B	-17734	38273	0	38273	Ab6_MB	-17734	-16276
DNMT3B	-17734	38273	0	38273	Ab6_MB	-611	861
DPPA3	-10000	37730	0	3847	Ab4_MB	34317	37730
DYRK1A	-86119	130939	0	80931	Ab4_MB	127525	129863
DYRK1A	-86119	130939	0	80931	Ab4_MB	130224	130939
DYRK1A	-86119	130939	0	80931	Ab6_MB	-41748	-39776
DYRK1A	-86119	130939	0	80931	Ab6_MB	-43049	-42203
DYRK1A	-86119	130939	0	80931	Ab6_MB	-86119	-83795
E2F1	-10000	10213	0	10213	Ab6_MB	44	1608
E2F1	-10000	10213	0	10213	Ab6_MB	-550	-242
E2F2	-10000	34941	0	22320	Ab6_MB	-121	1675
E2F2	-10000	34941	0	22320	Ab6_MB	-121	1675
E2F2	-10000	34941	0	22320	Ab6_MB	34009	34941
E2F3	-151472	131626	0	76291	Ab6_MB	-1010	-709
E2F3	-151472	131626	0	76291	Ab6_MB	130228	131626
E2F3	-151472	131626	0	76291	Ab6_MB	-151472	-150115
E2F3	-151472	131626	0	76291	Ab6_MB	-55	3292
E2F3	-151472	131626	0	76291	Ab6_MB	-582	-249
E2F4	-10000	10000	0	7707	Ab6_MB	6	1631
E2F4	-10000	10000	0	7707	Ab6_MB	-641	-114
ECT2	-29857	56610	0	56610	Ab6_MB	-22	1386
ECT2	-29857	56610	0	56610	Ab6_MB	-29857	-29043
EED	-10000	41971	0	27137	Ab6_MB	40603	41971
EED	-10000	41971	0	27137	Ab6_MB	-56	2656
EGLN3	-10000	24866	0	24866	Ab6_MB	-151	1923
EGLN3	-10000	24866	0	24866	Ab6_MB	2016	2927
EIF4A2	-10000	10000	0	6190	Ab6_MB	-847	2913
EMB	-10000	53466	0	53466	Ab6_MB	-331	976
EMP1	-10000	20242	0	20242	Ab6_MB	-26	2702
ENAH	-10000	179714	0	115535	Ab6_MB	176900	177463
ENAH	-10000	179714	0	115535	Ab6_MB	177552	179714
ENAH	-10000	179714	0	115535	Ab6_MB	-392	1458
ESRRB	-10000	318295	0	160505	Ab4_MB	178460	181304
ESRRB	-10000	318295	0	160505	Ab4_MB	270233	274851
ESRRB	-10000	318295	0	160505	Ab4_MB	60153	61893
ESRRB	-10000	318295	0	160505	Ab6_MB	317413	318295
F8	-10000	207311	0	207311	Ab6_MB	-3511	-2340
FBLN2	-10000	151044	0	59776	Ab4_MB	108102	113711
FBLN2	-10000	151044	0	59776	Ab4_MB	117973	119811
FBLN2	-10000	151044	0	59776	Ab4_MB	132188	138223
FBLN2	-10000	151044	0	59776	Ab4_MB	141711	143395
FBLN2	-10000	151044	0	59776	Ab4_MB	143480	151044
FBLN2	-10000	151044	0	59776	Ab6_MB	-90	1403
FBXO15	-10000	46367	0	46367	Ab6_MB	15247	16510
FBXO15	-10000	46367	0	46367	Ab6_MB	16577	17056
FER1L3	-12596	144541	0	144541	Ab6_MB	-11130	-10665
FER1L3	-12596	144541	0	144541	Ab6_MB	1190	1725
FER1L3	-12596	144541	0	144541	Ab6_MB	-12596	-11389
FER1L3	-12596	144541	0	144541	Ab6_MB	-281	1104
FGF4	-29303	36177	0	3857	Ab4_MB	-14171	-12444
FGF4	-29303	36177	0	3857	Ab4_MB	-2043	1635
FGF4	-29303	36177	0	3857	Ab4_MB	-29303	-16635
FGF4	-29303	36177	0	3857	Ab4_MB	33195	36177
FGF8	-10000	83775	0	6055	Ab4_MB	-1298	2120
FGF8	-10000	83775	0	6055	Ab6_MB	82016	83775
FGFR1	-10000	56942	0	56942	Ab6_MB	-127	2591
FGFR2	-64311	104357	0	104357	Ab4_MB	-55149	-52921
FGFR2	-64311	104357	0	104357	Ab4_MB	-64311	-63665
FKBP1A	-10000	19192	0	19192	Ab6_MB	30	2101
FKBP1A	-10000	19192	0	19192	Ab6_MB	-675	-55
FKBP9	-36241	47281	0	47281	Ab6_MB	-36241	-33516
FKBP9	-36241	47281	0	47281	Ab6_MB	-60	1041
FLT1	-134620	163792	0	163792	Ab6_MB	-134620	-133959
FLT1	-134620	163792	0	163792	Ab6_MB	-446	1359
FN1	-10000	67648	0	67648	Ab6_MB	-1130	1897
FN1	-10000	67648	0	67648	Ab6_MB	1958	2628
FOXM1	-10000	12892	0	12892	Ab6_MB	-1843	845
FOXO1	-10000	81164	0	81164	Ab6_MB	46	2279
FOXO1	-10000	81164	0	81164	Ab6_MB	-821	-97
FOXP3	-10000	25611	0	15541	Ab6_MB	24600	25611
FUT8	-10000	236966	0	236966	Ab6_MB	-1031	-311
FUT8	-10000	236966	0	236966	Ab6_MB	-259	1123
FUT9	-10000	190670	0	190670	Ab6_MB	-88	742
FZD7	-10000	10000	0	4776	Ab6_MB	-1104	-249
FZD7	-10000	10000	0	4776	Ab6_MB	-63	2367
GAB1	-10000	142939	0	116045	Ab6_MB	140986	142939
GAB1	-10000	142939	0	116045	Ab6_MB	-538	1664
GADD45B	-12883	3023	0	2113	Ab6_MB	-12883	-11481
GADD45B	-12883	3023	0	2113	Ab6_MB	-1449	-141
GADD45B	-12883	3023	0	2113	Ab6_MB	2151	3023
GADD45B	-12883	3023	0	2113	Ab6_MB	-83	1430
GAPDH	-10000	10000	0	3731	Ab6_MB	-1338	-220
GAPDH	-10000	10000	0	3731	Ab6_MB	-57	2189
GAS1	-10000	10000	0	2960	Ab6_MB	-1222	-848
GAS1	-10000	10000	0	2960	Ab6_MB	-350	2602
GATA2	-10000	10000	0	8361	Ab6_MB	-15	1778
GATA4	-10000	46345	0	46345	Ab6_MB	-334	1331
GBX2	-10000	10195	0	3214	Ab4_MB	-1336	1362
GBX2	-10000	10195	0	3214	Ab4_MB	5654	10195
GCAT	-10000	13377	0	7434	Ab4_MB	8972	13377
GCAT	-10000	13377	0	7434	Ab6_MB	-1165	-139
GCAT	-10000	13377	0	7434	Ab6_MB	-54	490
GDF3	-10000	8463	0	4668	Ab6_MB	7115	8463
GFPT2	-82610	53833	0	44424	Ab6_MB	52499	53833
GFPT2	-82610	53833	0	44424	Ab6_MB	-81352	-81011
GFPT2	-82610	53833	0	44424	Ab6_MB	-82610	-81426
GJA1	-10000	13071	0	13071	Ab6_MB	-14	2328
GJA7	-15338	10000	0	5062	Ab6_MB	-15338	-12043
GLI2	-27864	219558	0	219558	Ab4_MB	-27864	-24839
GLI2	-27864	219558	0	219558	Ab4_MB	-27864	-24839
GPI1	-10000	34608	0	28104	Ab6_MB	33555	34608
GPI1	-10000	34608	0	28104	Ab6_MB	-3819	-3261
GPI1	-10000	34608	0	28104	Ab6_MB	-40	1097
GPI1	-10000	34608	0	28104	Ab6_MB	-4551	-3882
H2-AB1	-10000	10000	0	6170	Ab4_MB	1319	2208
HDAC1	-10000	26542	0	26542	Ab6_MB	30	1062
HDAC1	-10000	26542	0	26542	Ab6_MB	-583	-264
HDAC5	-19875	34425	0	34425	Ab6_MB	10989	12414
HDAC5	-19875	34425	0	34425	Ab6_MB	-15208	-14469
HDAC5	-19875	34425	0	34425	Ab6_MB	-19875	-18665
HDAC5	-19875	34425	0	34425	Ab6_MB	-485	-45
HDAC5	-19875	34425	0	34425	Ab6_MB	7	781
HELLS	-10000	37287	0	37287	Ab6_MB	-630	1487
HESX1	-30827	39458	0	1964	Ab6_MB	-30827	-29756
HESX1	-30827	39458	0	1964	Ab6_MB	38499	39458
HNRPK	-10000	10565	0	10565	Ab6_MB	-1459	-107
HNRPK	-10000	10565	0	10565	Ab6_MB	9	2113
HRSP12	-10000	11053	0	11053	Ab6_MB	-1613	-119
HRSP12	-10000	11053	0	11053	Ab6_MB	-65	713
ID1	-49160	10000	0	1136	Ab6_MB	-1020	-148
ID1	-49160	10000	0	1136	Ab6_MB	-49160	-48235
ID1	-49160	10000	0	1136	Ab6_MB	-70	2804
ID1	-49160	10000	0	1136	Ab6_MB	-8520	-7744
ID2	-10000	10000	0	2269	Ab6_MB	-1105	-209
ID2	-10000	10000	0	2269	Ab6_MB	-5066	-3862
ID2	-10000	10000	0	2269	Ab6_MB	-59	1941
ID3	-10000	10000	0	1565	Ab6_MB	-30	2621
ID3	-10000	10000	0	1565	Ab6_MB	-30	2621
ID3	-10000	10000	0	1565	Ab6_MB	-30	2621
IFITM3	-10000	10000	0	1154	Ab6_MB	-24	1475
IGTP	-10000	10000	0	8035	Ab6_MB	-476	-26
IL6ST	-10000	42732	0	42732	Ab6_MB	-420	1069
INHBB	-10000	10000	0	6783	Ab6_MB	131	1022
IRF6	-24164	20984	0	18924	Ab6_MB	19585	20359
IRF6	-24164	20984	0	18924	Ab6_MB	20467	20984
IRF6	-24164	20984	0	18924	Ab6_MB	-24164	-22812
ITGA6	-10000	69675	0	69675	Ab6_MB	-593	1346
ITGB4BP	-10000	8862	0	7088	Ab6_MB	184	1254
ITGB4BP	-10000	8862	0	7088	Ab6_MB	7732	8862
JARID2	-10000	190078	0	190078	Ab6_MB	-1125	-421
JARID2	-10000	190078	0	190078	Ab6_MB	138670	138848
JARID2	-10000	190078	0	190078	Ab6_MB	-146	54
JARID2	-10000	190078	0	190078	Ab6_MB	2731	3346
JARID2	-10000	190078	0	190078	Ab6_MB	395	2645
JMJD1A	-76357	43528	0	43528	Ab4_MB	-76357	-74769
JMJD1A	-76357	43528	0	43528	Ab6_MB	-400	1039
JUN	-109772	74117	0	3132	Ab6_MB	-109772	-109323
JUN	-109772	74117	0	3132	Ab6_MB	-1832	-442
JUN	-109772	74117	0	3132	Ab6_MB	-47409	-46421
JUN	-109772	74117	0	3132	Ab6_MB	-55	3347
JUN	-109772	74117	0	3132	Ab6_MB	72346	74117
KIT	-10000	81698	0	81698	Ab4_MB	21150	21841
KITL	-10000	84588	0	84588	Ab6_MB	-429	957
KLC4	-10000	16756	0	14513	Ab6_MB	15407	16756
KLC4	-10000	16756	0	14513	Ab6_MB	-2161	-1047
KLC4	-10000	16756	0	14513	Ab6_MB	-943	-104
KLF2	-10000	10000	0	2316	Ab6_MB	-105	2046
KLF4	-119426	10000	0	5201	Ab6_MB	-103	2517
KLF4	-119426	10000	0	5201	Ab6_MB	-119426	-118854
KLF4	-119426	10000	0	5201	Ab6_MB	-1262	-608
KLF5	-10000	14721	0	14721	Ab6_MB	-482	2789
KLF9	-10000	25685	0	25685	Ab6_MB	-5875	-5128
KLF9	-10000	25685	0	25685	Ab6_MB	-842	1731
LATS2	-51992	82555	0	56461	Ab6_MB	-485	1902
LATS2	-51992	82555	0	56461	Ab6_MB	-51992	-51551
LATS2	-51992	82555	0	56461	Ab6_MB	79683	82555
LEFTY1	-10000	8354	0	3362	Ab6_MB	5915	8354
LEPREL2	-10000	16592	0	16592	Ab4_MB	-8816	853
LYPLA1	-23455	51245	0	38842	Ab6_MB	-23455	-21521
LYPLA1	-23455	51245	0	38842	Ab6_MB	-479	1384
LYPLA1	-23455	51245	0	38842	Ab6_MB	48908	51245
MAFF	-20756	11398	0	11398	Ab6_MB	-20756	-19384
MAFF	-20756	11398	0	11398	Ab6_MB	-678	1211
MAGED1	-10000	10000	0	6600	Ab6_MB	-14	1454
MAP1LC3B	-12724	10000	0	7579	Ab6_MB	-12724	-11628
MAP1LC3B	-12724	10000	0	7579	Ab6_MB	-49	1425
MATR3	-10000	38231	0	29141	Ab6_MB	-155	1799
MATR3	-10000	38231	0	29141	Ab6_MB	36113	38231
MATR3	-10000	38231	0	29141	Ab6_MB	-9187	-4900
MCAM	-10000	10000	0	8053	Ab6_MB	27	569
MEF2A	-10000	139034	0	139034	Ab6_MB	-937	1291
MEF2C	-10000	159754	0	159754	Ab6_MB	19678	20472
MEIS1	-10000	1066184	0	138252	Ab6_MB	1064652	1066184
MEIS1	-10000	1066184	0	138252	Ab6_MB	140131	141178
MEIS1	-10000	1066184	0	138252	Ab6_MB	-1789	4212
MEIS1	-10000	1066184	0	138252	Ab6_MB	-2480	-1882
MET	-28063	147489	0	80582	Ab6_MB	145708	147489
MET	-28063	147489	0	80582	Ab6_MB	-28063	-25233
MKI67	-46137	26633	0	26633	Ab4_MB	-46137	-41868
MKI67	-46137	26633	0	26633	Ab6_MB	-146	2067
MKRN1	-10000	22566	0	22566	Ab6_MB	-300	1296
MLL1	-10000	77919	0	77919	Ab6_MB	-1566	-174
MLL1	-10000	77919	0	77919	Ab6_MB	-28	1845
MLL2	-10000	41169	0	37515	Ab6_MB	-1891	2593
MLL2	-10000	41169	0	37515	Ab6_MB	39525	41169
MLL3	-10000	226989	0	226989	Ab6_MB	-1643	1374
MLL5	-10000	87079	0	69794	Ab6_MB	67086	70805
MLL5	-10000	87079	0	69794	Ab6_MB	70896	73176
MLL5	-10000	87079	0	69794	Ab6_MB	85413	87079
MRAS	-10000	48735	0	48735	Ab6_MB	-852	952
MRG1	-10000	209182	0	202043	Ab6_MB	208686	209182
MRG1	-10000	209182	0	202043	Ab6_MB	-2371	-770
MRG1	-10000	209182	0	202043	Ab6_MB	-2758	-2435
MRG1	-10000	209182	0	202043	Ab6_MB	-3390	-2855
MRG1	-10000	209182	0	202043	Ab6_MB	-650	602
MRG1	-10000	209182	0	202043	Ab6_MB	805	3256
MRPS31	-13698	18057	0	18057	Ab4_MB	-3978	-2790
MRPS31	-13698	18057	0	18057	Ab6_MB	-13698	-12203
MRPS31	-13698	18057	0	18057	Ab6_MB	-56	884
MRPS31	-13698	18057	0	18057	Ab6_MB	-715	-114
MSC	-10000	449107	0	2620	Ab4_MB	-828	1462
MSC	-10000	449107	0	2620	Ab6_MB	445573	449107
MSH2	-10000	51156	0	51156	Ab6_MB	-64	989
MTF2	-79463	43262	0	43262	Ab6_MB	-346	1316
MTF2	-79463	43262	0	43262	Ab6_MB	-78589	-77474
MTF2	-79463	43262	0	43262	Ab6_MB	-79463	-78681
MXI1	-10000	65304	0	65304	Ab6_MB	19005	20066
MXI1	-10000	65304	0	65304	Ab6_MB	-208	3713
MYBL2	-10000	30052	0	30052	Ab6_MB	-13	1469
MYC	-96281	55300	0	5020	Ab4_MB	-96281	-95168
MYC	-96281	55300	0	5020	Ab6_MB	-1743	3975
MYC	-96281	55300	0	5020	Ab6_MB	52322	55300
MYF5	-10000	10000	0	3226	Ab6_MB	-1063	2085
MYF5	-10000	10000	0	3226	Ab6_MB	2384	2808
MYH11	-10000	96463	0	96463	Ab4_MB	59690	61161
MYL2	-68008	10000	0	5875	Ab4_MB	-31473	-30551
MYL2	-68008	10000	0	5875	Ab4_MB	-3170	-1551
MYL2	-68008	10000	0	5875	Ab4_MB	-33074	-31557
MYL2	-68008	10000	0	5875	Ab4_MB	-39732	-36363
MYL2	-68008	10000	0	5875	Ab4_MB	458	4507
MYL2	-68008	10000	0	5875	Ab4_MB	-49025	-44696
MYL2	-68008	10000	0	5875	Ab4_MB	-62720	-49156
MYL2	-68008	10000	0	5875	Ab4_MB	-6689	-5653
MYL2	-68008	10000	0	5875	Ab4_MB	-68008	-66156
MYLIP	-10000	22198	0	22198	Ab6_MB	-44	1596
MYLIP	-10000	22198	0	22198	Ab6_MB	-652	-153
MYO1E	-10000	192717	0	192717	Ab6_MB	-62	2047
MYOD1	-10000	22947	0	2613	Ab4_MB	16276	22947
MYOD1	-10000	22947	0	2613	Ab6_MB	301	2034
MYOG	-57793	10000	0	2537	Ab4_MB	-57793	-53197
MYST3	-54365	83723	0	83723	Ab6_MB	-189	1588
MYST3	-54365	83723	0	83723	Ab6_MB	-52577	-50320
MYST3	-54365	83723	0	83723	Ab6_MB	-54365	-52686
MYST3	-54365	83723	0	83723	Ab6_MB	-780	-243
MYST4	-10000	172279	0	172279	Ab6_MB	-877	628
MYST4	-10000	172279	0	172279	Ab6_MB	996	1970
NAP1L1	-10000	25756	0	17525	Ab6_MB	24962	25756
NAP1L1	-10000	25756	0	17525	Ab6_MB	-7314	-5759
NES	-10000	10000	0	9358	Ab6_MB	-758	3202
NID1	-10000	153361	0	74573	Ab6_MB	152662	153361
NID1	-10000	153361	0	74573	Ab6_MB	884	1305
NIPSNAP1	-24233	22340	0	20197	Ab6_MB	20915	22340
NIPSNAP1	-24233	22340	0	20197	Ab6_MB	-24233	-23949
NKX2-5	-44664	22798	0	2900	Ab4_MB	10758	14020
NKX2-5	-44664	22798	0	2900	Ab4_MB	-16988	-16283
NKX2-5	-44664	22798	0	2900	Ab4_MB	21413	22798
NKX2-5	-44664	22798	0	2900	Ab4_MB	-4564	4740
NKX2-5	-44664	22798	0	2900	Ab4_MB	-7368	-6213
NKX2-5	-44664	22798	0	2900	Ab4_MB	-9906	-7953
NKX2-5	-44664	22798	0	2900	Ab6_MB	-44664	-43055
NONO	-10000	18873	0	18873	Ab6_MB	-849	-201
NONO	-10000	18873	0	18873	Ab6_MB	-86	1816
NOTCH1	-10000	59534	0	45613	Ab6_MB	-548	1654
NOTCH1	-10000	59534	0	45613	Ab6_MB	56595	58000
NOTCH1	-10000	59534	0	45613	Ab6_MB	58386	59534
NOTCH3	-10000	45959	0	45959	Ab6_MB	-34	668
NPAS3	-10000	820397	0	820397	Ab4_MB	-2408	670
NPAS3	-10000	820397	0	820397	Ab6_MB	3976	4678
ODC1	-10000	10000	0	6629	Ab6_MB	43	1746
OSMR	-256067	60693	0	60693	Ab6_MB	-256067	-254545
OSMR	-256067	60693	0	60693	Ab6_MB	-671	1335
P2RX4	-10000	21487	0	21487	Ab6_MB	-654	605
PARG	-10000	95579	0	95579	Ab6_MB	-1620	1006
PAX2	-126878	175191	0	78633	Ab4_MB	-108165	-104872
PAX2	-126878	175191	0	78633	Ab4_MB	-111727	-108390
PAX2	-126878	175191	0	78633	Ab4_MB	-11660	-10114
PAX2	-126878	175191	0	78633	Ab4_MB	123517	125340
PAX2	-126878	175191	0	78633	Ab4_MB	12383	15142
PAX2	-126878	175191	0	78633	Ab4_MB	-124645	-120828
PAX2	-126878	175191	0	78633	Ab4_MB	-126878	-125232
PAX2	-126878	175191	0	78633	Ab4_MB	1461	5548
PAX2	-126878	175191	0	78633	Ab4_MB	-18445	-13991
PAX2	-126878	175191	0	78633	Ab4_MB	-2307	1324
PAX2	-126878	175191	0	78633	Ab4_MB	-25358	-21585
PAX2	-126878	175191	0	78633	Ab4_MB	26701	31714
PAX2	-126878	175191	0	78633	Ab4_MB	42117	49819
PAX2	-126878	175191	0	78633	Ab4_MB	58896	63102
PAX2	-126878	175191	0	78633	Ab4_MB	-61947	-58056
PAX2	-126878	175191	0	78633	Ab4_MB	65978	68935
PAX2	-126878	175191	0	78633	Ab4_MB	73184	79653
PAX2	-126878	175191	0	78633	Ab4_MB	-75046	-70404
PAX2	-126878	175191	0	78633	Ab4_MB	79730	80785
PAX2	-126878	175191	0	78633	Ab4_MB	80873	82989
PAX2	-126878	175191	0	78633	Ab4_MB	-87104	-83949
PAX2	-126878	175191	0	78633	Ab4_MB	8868	10164
PAX2	-126878	175191	0	78633	Ab4_MB	-91715	-87357
PAX2	-126878	175191	0	78633	Ab4_MB	-9830	-2386
PAX2	-126878	175191	0	78633	Ab6_MB	173259	173632
PAX2	-126878	175191	0	78633	Ab6_MB	173705	175191
PAX3	-10000	94444	0	94444	Ab6_MB	6863	8272
PAX3	-10000	94444	0	94444	Ab6_MB	-6945	-6452
PAX7	-77478	94887	0	94887	Ab4_MB	-12	5877
PAX7	-77478	94887	0	94887	Ab4_MB	6662	9759
PAX7	-77478	94887	0	94887	Ab4_MB	-77478	-73623
PAX7	-77478	94887	0	94887	Ab4_MB	9854	12249
PBX1	-10000	312894	0	312894	Ab6_MB	-40	3051
PCDH7	-10000	11355	0	11355	Ab6_MB	-3057	4432
PCDH7	-10000	11355	0	11355	Ab6_MB	-3722	-3157
PCDH7	-10000	11355	0	11355	Ab6_MB	4788	6001
PCNA	-11172	6289	0	3894	Ab6_MB	-11172	-10000
PCNA	-11172	6289	0	3894	Ab6_MB	1901	2401
PCNA	-11172	6289	0	3894	Ab6_MB	241	1817
PCNA	-11172	6289	0	3894	Ab6_MB	5368	6289
PCNA	-11172	6289	0	3894	Ab6_MB	-951	156
PCOLCE	-10000	11676	0	6297	Ab6_MB	-433	1761
PCOLCE	-10000	11676	0	6297	Ab6_MB	9390	11676
PDGFRB	-10000	39618	0	39618	Ab6_MB	-669	1662
PGK1	-10000	16575	0	16575	Ab6_MB	145	2196
PGK1	-10000	16575	0	16575	Ab6_MB	2302	2768
PHC1	-10000	19284	0	19284	Ab6_MB	-3599	-1685
PHF17	-18098	35662	0	35662	Ab6_MB	-18098	-14413
PIPOX	-43615	13951	0	13169	Ab4_MB	13197	13951
PIPOX	-43615	13951	0	13169	Ab4_MB	-20778	-18402
PIPOX	-43615	13951	0	13169	Ab4_MB	-22532	-20880
PIPOX	-43615	13951	0	13169	Ab4_MB	-24663	-22612
PIPOX	-43615	13951	0	13169	Ab4_MB	-43615	-37091
PIPOX	-43615	13951	0	13169	Ab4_MB	-8695	-2706
PKD1	-10000	83415	0	46564	Ab6_MB	141	1392
PKD1	-10000	83415	0	46564	Ab6_MB	82005	83415
PKD2	-10000	46262	0	46262	Ab6_MB	-225	1256
PKD2	-10000	46262	0	46262	Ab6_MB	-225	1256
PLA2G1B	-10000	10000	0	8451	Ab4_MB	-8228	-7697
PPAP2A	-10000	66888	0	66888	Ab6_MB	44	1462
PPIC	-47632	11666	0	11666	Ab4_MB	-31147	-30014
PPIC	-47632	11666	0	11666	Ab4_MB	-45446	-42719
PPIC	-47632	11666	0	11666	Ab4_MB	-47632	-45523
PPIC	-47632	11666	0	11666	Ab6_MB	-492	1053
PPP1R2	-10000	75853	0	23736	Ab6_MB	-13	1437
PPP1R2	-10000	75853	0	23736	Ab6_MB	73994	75853
PQLC3	-10000	11408	0	11408	Ab6_MB	-659	1046
PRDM2	-10000	85240	0	85240	Ab6_MB	-204	1033
PRDM2	-10000	85240	0	85240	Ab6_MB	50514	51942
PRNP	-10000	28470	0	28470	Ab6_MB	-45	1304
PROCR	-22627	25132	0	4115	Ab4_MB	21462	25132
PROCR	-22627	25132	0	4115	Ab6_MB	-22627	-21894
PROCR	-22627	25132	0	4115	Ab6_MB	-542	-139
PROCR	-22627	25132	0	4115	Ab6_MB	-83	280
PROX1	-10000	249354	0	48905	Ab4_MB	178228	179915
PROX1	-10000	249354	0	48905	Ab4_MB	193956	196206
PROX1	-10000	249354	0	48905	Ab6_MB	247797	249354
PRSS23	-115588	10000	0	9801	Ab6_MB	-115588	-114731
PRSS23	-115588	10000	0	9801	Ab6_MB	-621	911
PRUNE	-10000	28402	0	28402	Ab6_MB	-2121	154
PRUNE	-10000	28402	0	28402	Ab6_MB	264	1147
PTCH2	-10000	25173	0	18475	Ab6_MB	23584	24168
PTCH2	-10000	25173	0	18475	Ab6_MB	24323	25173
PTEN	-46254	68583	0	68583	Ab6_MB	-2010	-229
PTEN	-46254	68583	0	68583	Ab6_MB	-46254	-44571
PTEN	-46254	68583	0	68583	Ab6_MB	-81	2644
PTOV1	-10000	10000	0	6720	Ab6_MB	106	1677
PTPRK	-10000	522577	0	522577	Ab6_MB	-789	2147
PTPRZ1	-520121	177414	0	177414	Ab6_MB	-520121	-519241
PYCR2	-10000	10000	0	3779	Ab6_MB	-63	1207
RAD51	-10000	23253	0	23253	Ab6_MB	-1167	1276
RAG1AP1	-10000	4021	0	2314	Ab6_MB	-287	432
RAG1AP1	-10000	4021	0	2314	Ab6_MB	2891	4021
RASGRP2	-10000	31228	0	14633	Ab4_MB	11188	13815
RASGRP2	-10000	31228	0	14633	Ab4_MB	14444	21186
RASGRP2	-10000	31228	0	14633	Ab4_MB	-1990	9657
RASGRP2	-10000	31228	0	14633	Ab4_MB	26732	31228
RBL1	-10000	58621	0	58621	Ab6_MB	-713	1025
RBM39	-10000	36999	0	33001	Ab6_MB	-134	2080
RBM39	-10000	36999	0	33001	Ab6_MB	34427	36999
RBM39	-10000	36999	0	33001	Ab6_MB	-897	-259
RBPJ	-10000	101666	0	101666	Ab6_MB	32699	37764
RECK	-10000	83990	0	68920	Ab6_MB	-328	579
RECK	-10000	83990	0	68920	Ab6_MB	81816	83990
REST	-10000	15043	0	15043	Ab6_MB	-2559	-444
RGS5	-124714	38025	0	38025	Ab6_MB	-124714	-123279
RNF138	-10000	26882	0	26882	Ab6_MB	-441	365
RNF138	-10000	26882	0	26882	Ab6_MB	538	1793
RNF4	-10000	35080	0	17040	Ab6_MB	32959	33334
RNF4	-10000	35080	0	17040	Ab6_MB	33425	35080
RNF4	-10000	35080	0	17040	Ab6_MB	-911	1612
RPL11	-10000	32952	0	3423	Ab6_MB	106	701
RPL11	-10000	32952	0	3423	Ab6_MB	31612	32952
RPL11	-10000	32952	0	3423	Ab6_MB	761	1912
RPL13	-10000	16416	0	2824	Ab4_MB	14221	16416
RPL13	-10000	16416	0	2824	Ab6_MB	153	472
RPL13	-10000	16416	0	2824	Ab6_MB	527	814
RPL13	-10000	16416	0	2824	Ab6_MB	-679	-74
RPL13	-10000	16416	0	2824	Ab6_MB	893	2349
RPL32	-10000	10000	0	3229	Ab6_MB	1397	1621
RPL32	-10000	10000	0	3229	Ab6_MB	1682	2347
RPL32	-10000	10000	0	3229	Ab6_MB	-30	1314
RPS18	-10000	10000	0	3642	Ab6_MB	1845	2196
RPS18	-10000	10000	0	3642	Ab6_MB	-41	1531
RPS27A	-144753	10000	0	2198	Ab6_MB	-1069	1662
RPS27A	-144753	10000	0	2198	Ab6_MB	-144753	-144198
RUVBL1	-19871	32143	0	32143	Ab6_MB	198	1045
RUVBL1	-19871	32143	0	32143	Ab6_MB	-19871	-18852
SALL2	-10000	24752	0	17489	Ab6_MB	12281	13131
SALL2	-10000	24752	0	17489	Ab6_MB	23206	24752
SALL4	-43387	18869	0	18869	Ab4_MB	-1764	2234
SALL4	-43387	18869	0	18869	Ab4_MB	-43387	-42053
SCOTIN	-10000	19139	0	19139	Ab6_MB	-569	662
SERTAD1	-10000	10000	0	3361	Ab6_MB	-115	1660
SERTAD1	-10000	10000	0	3361	Ab6_MB	-696	-235
SET	-13111	16075	0	9752	Ab6_MB	-13111	-12474
SET	-13111	16075	0	9752	Ab6_MB	15303	16075
SET	-13111	16075	0	9752	Ab6_MB	3659	4200
SET	-13111	16075	0	9752	Ab6_MB	4383	6815
SET	-13111	16075	0	9752	Ab6_MB	-483	1995
SGK	-10000	10000	0	5196	Ab6_MB	-1491	4571
SMARCAD1	-10000	73382	0	73382	Ab6_MB	-639	1721
SOCS2	-10000	93572	0	4779	Ab6_MB	1918	2978
SOCS2	-10000	93572	0	4779	Ab6_MB	-492	1722
SOCS2	-10000	93572	0	4779	Ab6_MB	92678	93572
SOCS3	-19131	96390	0	3083	Ab6_MB	-19131	-17366
SOCS3	-19131	96390	0	3083	Ab6_MB	27667	28507
SOCS3	-19131	96390	0	3083	Ab6_MB	-590	1678
SOCS3	-19131	96390	0	3083	Ab6_MB	95537	96390
SOX2	-10000	23301	0	2456	Ab4_MB	11391	12615
SOX2	-10000	23301	0	2456	Ab4_MB	-1841	357
SOX2	-10000	23301	0	2456	Ab4_MB	22574	23301
SOX2	-10000	23301	0	2456	Ab4_MB	432	1593
SPG20	-10000	23817	0	23817	Ab6_MB	1858	2356
SPG20	-10000	23817	0	23817	Ab6_MB	-209	1681
SPP1	-10000	10000	0	4837	Ab6_MB	-1177	-793
SPP1	-10000	10000	0	4837	Ab6_MB	-723	934
STAM	-18268	74226	0	74226	Ab6_MB	-1151	-597
STAM	-18268	74226	0	74226	Ab6_MB	-18268	-17505
STAM	-18268	74226	0	74226	Ab6_MB	-538	1329
STAT3	-10000	52701	0	52701	Ab6_MB	-132	813
STAT3	-10000	52701	0	52701	Ab6_MB	7342	7995
STRN3	-10000	82254	0	82254	Ab6_MB	-1086	1952
STXBP1	-32779	59164	0	59164	Ab6_MB	-32779	-27541
STXBP1	-32779	59164	0	59164	Ab6_MB	-367	1610
T	-10000	10000	0	8073	Ab4_MB	-2638	2257
T	-10000	10000	0	8073	Ab4_MB	-3894	-2739
TAGLN	-10000	30217	0	6270	Ab6_MB	28221	30217
TAL1	-10000	12228	0	12228	Ab4_MB	2747	7315
TAL1	-10000	12228	0	12228	Ab4_MB	-3529	-1248
TBN	-10000	14237	0	14237	Ab6_MB	-23	1036
TBN	-10000	14237	0	14237	Ab6_MB	-23	1036
TBX3	-10000	134507	0	13932	Ab4_MB	125696	127448
TBX3	-10000	134507	0	13932	Ab4_MB	131201	134507
TBX3	-10000	134507	0	13932	Ab4_MB	23141	23945
TBX3	-10000	134507	0	13932	Ab4_MB	78560	79405
TBX3	-10000	134507	0	13932	Ab4_MB	79661	81716
TBX3	-10000	134507	0	13932	Ab6_MB	248	3378
TBX3	-10000	134507	0	13932	Ab6_MB	-802	-215
TCEA3	-10000	39168	0	26918	Ab6_MB	36985	37466
TCEA3	-10000	39168	0	26918	Ab6_MB	37710	39168
TCF3	-10000	173820	0	162576	Ab6_MB	171313	173820
TCF3	-10000	173820	0	162576	Ab6_MB	-843	1024
TCF4	-10000	339823	0	339823	Ab6_MB	1265	2900
TCF4	-10000	339823	0	339823	Ab6_MB	247640	250778
TCF4	-10000	339823	0	339823	Ab6_MB	251119	251519
TCF4	-10000	339823	0	339823	Ab6_MB	29	1188
TCF4	-10000	339823	0	339823	Ab6_MB	-702	-48
TCFAP2C	-32108	10000	0	8995	Ab4_MB	-1007	666
TCFAP2C	-32108	10000	0	8995	Ab4_MB	-32108	-27911
TDGF1	-10000	30014	0	6550	Ab4_MB	17605	18836
TDGF1	-10000	30014	0	6550	Ab4_MB	28965	30014
TEAD2	-10000	17866	0	17866	Ab6_MB	34	972
TERF1	-10000	37771	0	37771	Ab6_MB	-129	1041
TFRC	-10000	37066	0	23769	Ab6_MB	-121	1195
TFRC	-10000	37066	0	23769	Ab6_MB	34780	37066
TICAM1	-10000	10000	0	7241	Ab6_MB	-206	656
TIE1	-40559	18658	0	18658	Ab4_MB	13305	16578
TIE1	-40559	18658	0	18658	Ab4_MB	16667	17651
TIE1	-40559	18658	0	18658	Ab4_MB	1747	4725
TIE1	-40559	18658	0	18658	Ab4_MB	-40559	-35472
TIE1	-40559	18658	0	18658	Ab4_MB	8632	13233
TIMP3	-10000	199243	0	49093	Ab4_MB	197022	199243
TIMP3	-10000	199243	0	49093	Ab6_MB	22	2748
TNC	-1104256	60941	0	60941	Ab6_MB	-1104256	-1102761
TNC	-1104256	60941	0	60941	Ab6_MB	-26549	-24398
TNFRSF1B	-10000	53124	0	34502	Ab6_MB	51801	53124
TNFRSF1B	-10000	53124	0	34502	Ab6_MB	-66	1302
TNNC1	-10000	10000	0	3399	Ab6_MB	-3466	-779
TOB1	-10000	10000	0	4041	Ab6_MB	-109	1516
TOB1	-10000	10000	0	4041	Ab6_MB	-1180	-386
TOB1	-10000	10000	0	4041	Ab6_MB	-1723	-1233
TPM1	-10000	26620	0	26620	Ab6_MB	2980	3457
TPM1	-10000	26620	0	26620	Ab6_MB	5124	7274
TPM1	-10000	26620	0	26620	Ab6_MB	-876	2898
TPM2	-10000	10000	0	8676	Ab6_MB	-242	1434
TRAFD1	-13863	13841	0	13841	Ab6_MB	-13863	-12378
TRAFD1	-13863	13841	0	13841	Ab6_MB	-335	794
TRAP1A	-24097	10000	0	4482	Ab4_MB	-24097	-23584
TRIM13	-43773	10000	0	6149	Ab6_MB	-254	330
TRIM13	-43773	10000	0	6149	Ab6_MB	-42784	-42374
TRIM13	-43773	10000	0	6149	Ab6_MB	-43773	-42836
TRIP6	-10000	8404	0	4342	Ab6_MB	5467	8404
TRIP6	-10000	8404	0	4342	Ab6_MB	71	1137
TRP53	-10000	11890	0	11890	Ab6_MB	-2042	-684
TRP53	-10000	11890	0	11890	Ab6_MB	-230	2328
TSC22D1	-41545	91940	0	91940	Ab6_MB	-1786	698
TSC22D1	-41545	91940	0	91940	Ab6_MB	-41545	-40032
TSC22D1	-41545	91940	0	91940	Ab6_MB	62983	64056
TSC22D1	-41545	91940	0	91940	Ab6_MB	64224	65012
TSC22D1	-41545	91940	0	91940	Ab6_MB	88155	91424
TSC22D3	-65325	60994	0	60994	Ab6_MB	57125	58716
TSC22D3	-65325	60994	0	60994	Ab6_MB	-65325	-64424
TTPA	-10000	34092	0	22357	Ab6_MB	33574	34092
UBXD1	-10000	10000	0	6736	Ab6_MB	-115	349
UBXD1	-10000	10000	0	6736	Ab6_MB	-6376	-4642
ULK1	-10000	30848	0	25592	Ab6_MB	-26	1839
ULK1	-10000	30848	0	25592	Ab6_MB	29144	30848
UNG	-10000	10000	0	8886	Ab6_MB	735	1922
USP9X	-29323	101830	0	101830	Ab6_MB	11	1980
USP9X	-29323	101830	0	101830	Ab6_MB	-1276	-647
USP9X	-29323	101830	0	101830	Ab6_MB	-29323	-28873
UTRN	-61769	479547	0	479547	Ab6_MB	-5191	-4756
UTRN	-61769	479547	0	479547	Ab6_MB	-61769	-60279
UTRN	-61769	479547	0	479547	Ab6_MB	-8106	-5243
VCAM1	-10000	19668	0	19668	Ab6_MB	1290	1872
VCAM1	-10000	19668	0	19668	Ab6_MB	-143	498
VCAM1	-10000	19668	0	19668	Ab6_MB	14995	15408
VCAM1	-10000	19668	0	19668	Ab6_MB	15713	16234
VCAM1	-10000	19668	0	19668	Ab6_MB	566	1218
VWF	-10000	133714	0	133714	Ab4_MB	101604	102928
VWF	-10000	133714	0	133714	Ab4_MB	103005	104524
VWF	-10000	133714	0	133714	Ab4_MB	95279	98853
WBP5	-10000	10000	0	2059	Ab6_MB	39	898
WBP7	-10000	19871	0	19871	Ab6_MB	33	1618
WBP7	-10000	19871	0	19871	Ab6_MB	-964	-403
WDR45	-10000	7144	0	5952	Ab6_MB	-292	556
WDR45	-10000	7144	0	5952	Ab6_MB	6246	7144
WNT3A	-10000	64325	0	42715	Ab4_MB	-112	4346
WNT3A	-10000	64325	0	42715	Ab4_MB	24775	31170
WNT3A	-10000	64325	0	42715	Ab4_MB	-3209	-1018
WNT3A	-10000	64325	0	42715	Ab4_MB	33472	34830
WNT3A	-10000	64325	0	42715	Ab4_MB	39731	42596
WNT3A	-10000	64325	0	42715	Ab4_MB	45257	52132
WNT3A	-10000	64325	0	42715	Ab4_MB	4990	7177
WNT3A	-10000	64325	0	42715	Ab4_MB	-924	-187
WNT3A	-10000	64325	0	42715	Ab6_MB	61417	62471
WNT3A	-10000	64325	0	42715	Ab6_MB	62529	64325
WNT4	-229885	19144	0	19144	Ab4_MB	-215088	-211358
WNT4	-229885	19144	0	19144	Ab4_MB	-221935	-220567
WNT4	-229885	19144	0	19144	Ab6_MB	-229885	-228819
WNT8B	-86665	113724	0	19044	Ab4_MB	110236	112056
WNT8B	-86665	113724	0	19044	Ab4_MB	112198	113724
WNT8B	-86665	113724	0	19044	Ab4_MB	16448	23042
WNT8B	-86665	113724	0	19044	Ab4_MB	7549	8054
WNT8B	-86665	113724	0	19044	Ab4_MB	89661	94246
WNT8B	-86665	113724	0	19044	Ab4_MB	95899	100133
WNT8B	-86665	113724	0	19044	Ab6_MB	-85477	-84718
WNT8B	-86665	113724	0	19044	Ab6_MB	-86665	-85759
XRCC5	-10000	87428	0	87428	Ab6_MB	-477	1088
YY1	-93665	23321	0	23321	Ab4_MB	-93665	-90056
YY1	-93665	23321	0	23321	Ab6_MB	-1811	-454
YY1	-93665	23321	0	23321	Ab6_MB	-367	2376
ZBTB20	-635730	108762	0	108762	Ab6_MB	-147197	-145989
ZBTB20	-635730	108762	0	108762	Ab6_MB	-4208	-3547
ZBTB20	-635730	108762	0	108762	Ab6_MB	-634405	-633530
ZBTB20	-635730	108762	0	108762	Ab6_MB	-635730	-635187
ZFP386	-10000	13130	0	13130	Ab6_MB	-4	1601
ZFP704	-20845	183062	0	183062	Ab4_MB	-20845	-17928
ZFP704	-20845	183062	0	183062	Ab6_MB	-197	1519
ZFX	-55097	48776	0	48776	Ab6_MB	-507	2405
ZFX	-55097	48776	0	48776	Ab6_MB	-54454	-53799
ZFX	-55097	48776	0	48776	Ab6_MB	-55097	-54524
ZRANB1	-19413	34329	0	34329	Ab6_MB	-18472	-16960
ZRANB1	-19413	34329	0	34329	Ab6_MB	-19413	-18546
